indiv_id,iter_num,accuracy,time_tolerance,interpretability,score,tournament_score,score_sd,top derived_features,top original_features,training_times,best_iterations,last_3_mutation_try_actual_actions,ngenes_start,ngenes_max,ngenes,ngenes_dead,nfeatures_max,nfeatures,feature_cost,model_name,target_transformer_name,booster,model_class_name,n_gpus,gpu_id,n_jobs,num_classes,num_class,labels,score_f_name,random_state,time_column,tgc,pred_gap,pred_periods,target,n_estimators,learning_rate,early_stopping_rounds,reg_alpha,reg_lambda,gamma,max_bin,scale_pos_weight,max_delta_step,min_child_weight,subsample,colsample_bytree,tree_method,grow_policy,max_leaves,max_depth,min_data_in_bin,min_child_samples,boosting_type,enable_early_stopping_rounds,objective,eval_metric,monotonicity_constraints,silent,seed,disable_gpus,lossguide,dummy,ensemble_level,train_shape,valid_shape,model_origin,subsample_freq,early_stopping_threshold,debug_verbose
0,-1,8,3,8,0.6497566402577564,0.6497566402577564,0.03277044449899247,"[['6_G', 1.0], ['5_F', 0.6991045475006104], ['8_I', 0.5832008719444275]]","[['G', 0.14720655263848084], ['F', 0.10291277037144993], ['I', 0.08585098985469529]]",16.901048183441162,50,[],18,50,18,1,100,17,17,LIGHTGBM,NoneType,lightgbm,LightGBMModel,1,0,2,3,3,"[1, 2, 3]",LOGLOSS,1245006459,,,,,,600,0.05,30,0.0,1.0,0.0,256,1.0,0.0,1,0.7,0.8,gpu_hist,depthwise,0,10,1.0,1.0,gbdt,True,multi:softprob,mlogloss,False,True,1245006459,False,False,False,2,"(912, 19)",,"DefaultIndiv: do_te:True,interp:11,depth:10,num_as_cat:True",,,
0,1,8,3,8,0.6404060040832301,0.6404060040832301,0.0309846645253236,"[['6_G', 1.0], ['5_F', 0.7371610999107361], ['8_I', 0.5686690211296082]]","[['G', 0.15750813823426094], ['F', 0.11610887242566005], ['I', 0.08956999878962417]]",14.050445079803467,69,[],18,50,18,1,100,17,17,LIGHTGBM,NoneType,lightgbm,LightGBMModel,1,0,2,3,3,"[1, 2, 3]",LOGLOSS,1245006459,,,,,,600,0.05,30,0.0,1.0,0.0,256,1.0,0.0,1,0.7,0.8,gpu_hist,depthwise,0,6,1.0,1.0,gbdt,True,multi:softprob,mlogloss,False,True,1245006459,False,False,False,2,"(912, 19)",,"DefaultIndiv: do_te:True,interp:11,depth:6,num_as_cat:True",,,
0,2,8,3,8,0.6493829828347019,0.6493829828347019,0.03360821112790754,"[['6_G', 1.0], ['5_F', 0.678169846534729], ['8_I', 0.5907543897628784]]","[['G', 0.14762835542015354], ['F', 0.10011709913945994], ['I', 0.08721209901793012]]",17.912038803100586,53,[],18,50,18,1,100,17,17,LIGHTGBM,NoneType,lightgbm,LightGBMModel,1,0,2,3,3,"[1, 2, 3]",LOGLOSS,1245006459,,,,,,600,0.05,30,0.0,1.0,0.0,256,1.0,0.0,1,0.7,0.8,gpu_hist,depthwise,0,10,1.0,1.0,gbdt,True,multi:softprob,mlogloss,False,True,1245006459,False,False,False,2,"(912, 19)",,"DefaultIndiv: do_te:False,interp:11,depth:10,num_as_cat:True",,,
0,3,8,3,8,0.6495952812896449,0.6495952812896449,0.0329240806449351,"[['6_G', 1.0], ['5_F', 0.5820563435554504], ['7_H', 0.5497362613677979]]","[['G', 0.15685486090667355], ['F', 0.09129836680823718], ['H', 0.08622880481220067]]",13.90956997871399,71,[],18,50,18,1,100,17,17,LIGHTGBM,NoneType,lightgbm,LightGBMModel,1,0,2,3,3,"[1, 2, 3]",LOGLOSS,1245006459,,,,,,600,0.05,30,0.0,1.0,0.0,256,1.0,0.0,1,0.7,0.8,gpu_hist,depthwise,0,6,1.0,1.0,gbdt,True,multi:softprob,mlogloss,False,True,1245006459,False,False,False,2,"(912, 19)",,"DefaultIndiv: do_te:False,interp:11,depth:6,num_as_cat:True",,,
0,4,8,3,8,0.6486262131687063,0.6486262131687063,0.03392527881602626,"[['6_G', 1.0], ['5_F', 0.5993684530258179], ['7_H', 0.546011209487915]]","[['G', 0.14964722917243523], ['F', 0.08969382824868255], ['H', 0.08170906459695657]]",17.693074226379395,69,[],19,100,19,0,100,18,18,LIGHTGBM,NoneType,lightgbm,LightGBMModel,1,0,2,3,3,"[1, 2, 3]",LOGLOSS,1245006459,,,,,,600,0.05,30,0.0,1.0,0.0,256,1.0,0.0,1,0.7,0.8,gpu_hist,depthwise,0,10,1.0,1.0,gbdt,True,multi:softprob,mlogloss,False,True,1245006459,False,False,False,2,"(912, 19)",,"DefaultIndiv: do_te:True,interp:8,depth:10,num_as_cat:True",,,
0,6,8,3,8,0.6384692854468076,0.6384692854468076,0.03269724301964568,"[['6_G', 1.0], ['5_F', 0.6141784191131592], ['8_I', 0.5379257202148438]]","[['G', 0.1559866031203074], ['F', 0.09580360530726217], ['I', 0.08390920582735835]]",14.580590724945068,75,[],19,100,19,0,100,18,18,LIGHTGBM,NoneType,lightgbm,LightGBMModel,1,0,2,3,3,"[1, 2, 3]",LOGLOSS,1245006459,,,,,,600,0.05,30,0.0,1.0,0.0,256,1.0,0.0,1,0.7,0.8,gpu_hist,depthwise,0,6,1.0,1.0,gbdt,True,multi:softprob,mlogloss,False,True,1245006459,False,False,False,2,"(912, 19)",,"DefaultIndiv: do_te:False,interp:8,depth:6,num_as_cat:True",,,
0,7,8,3,8,0.6455348028516524,0.6455348028516524,0.032827748924716446,"[['6_G', 1.0], ['5_F', 0.7163074612617493], ['8_I', 0.5797301530838013]]","[['G', 0.13518694703150788], ['F', 0.09683541882386598], ['I', 0.0783719494975078]]",16.065925121307373,70,"[['add', 'prune_by_features_1'], ['add', 'prune_1'], ['add', 'mutate_extra_36_18']]",36,100,18,1,100,17,17,LIGHTGBM,NoneType,lightgbm,LightGBMModel,1,0,2,3,3,"[1, 2, 3]",LOGLOSS,1245006459,,,,,,600,0.05,30,0.0,1.0,0.0,64,1.0,0.0,1,0.5,0.8,gpu_hist,depthwise,0,10,1.0,1.0,gbdt,True,multi:softprob,mlogloss,False,True,1245006459,False,False,False,2,"(912, 19)",,RANDOM,5.0,,
0,8,8,3,8,0.6544465280349341,0.6544465280349341,0.032733697718596744,"[['6_G', 1.0], ['5_F', 0.8726102709770203], ['7_H', 0.7923073768615723]]","[['G', 0.10432130114303509], ['F', 0.09103183885909918], ['H', 0.08265453645942428]]",17.96079421043396,65,"[['add', 'prune_by_features_1'], ['add', 'prune_1'], ['add', 'mutate_extra_36_18']]",36,100,18,1,100,17,17,LIGHTGBM,NoneType,lightgbm,LightGBMModel,1,0,2,3,3,"[1, 2, 3]",LOGLOSS,1245006459,,,,,,600,0.05,30,0.0,1.0,0.001,64,1.0,0.0,1,0.8,0.55,gpu_hist,lossguide,1024,0,1.0,1.0,gbdt,True,multi:softprob,mlogloss,False,True,1245006459,False,False,False,2,"(912, 19)",,RANDOM,1.0,,
0,9,8,3,8,0.6329379865031766,0.6329379865031766,0.030534086886224526,"[['6_G', 1.0], ['9_J', 0.48187386989593506], ['5_F', 0.4743555188179016]]","[['G', 0.17977992381501878], ['J', 0.08663124761833947], ['F', 0.08527959903431606]]",34.93705105781555,117,"[['add', 'prune_by_features_1'], ['add', 'prune_1'], ['add', 'mutate_extra_36_18']]",36,100,18,1,100,17,17,XGBOOSTGBM,NoneType,gbtree,XGBoostGBMModel,1,0,2,3,3,"[1, 2, 3]",LOGLOSS,1245006459,,,,,,600,0.05,30,0.0,5.0,0.0,64,1.0,0.0,1,0.4,0.65,gpu_hist,lossguide,1024,0,,,,,multi:softprob,mlogloss,False,True,1245006459,False,False,False,2,"(912, 19)",,RANDOM,,1e-05,0.0
0,10,8,3,8,0.6381455034981175,0.6381455034981175,0.03155008146066948,"[['6_G', 1.0], ['5_F', 0.7304549217224121], ['7_H', 0.6758106350898743]]","[['G', 0.12426000856877159], ['F', 0.09076633483232831], ['H', 0.08397623530713474]]",15.158592700958252,213,"[['add', 'prune_by_features_1'], ['add', 'prune_1'], ['add', 'mutate_extra_36_18']]",36,100,18,1,100,17,17,LIGHTGBM,NoneType,lightgbm,LightGBMModel,1,0,2,3,3,"[1, 2, 3]",LOGLOSS,1245006459,,,,,,600,0.05,30,0.0,10.0,0.0,64,1.0,0.0,1,0.4,0.45,gpu_hist,lossguide,1024,0,1,1,gbdt,True,multi:softprob,mlogloss,False,True,1245006459,False,False,False,2,"(912, 19)",,RANDOM,5,,
0,11,8,3,8,0.6401313305158016,0.6401313305158016,0.031190817036848582,"[['6_G', 1.0], ['9_J', 0.4584524929523468], ['8_I', 0.3934188783168793]]","[['G', 0.20627661587029517], ['J', 0.09456802878351045], ['I', 0.08115311483869331]]",21.257588148117065,114,"[['add', 'prune_by_features_1'], ['add', 'prune_1'], ['add', 'mutate_extra_72_18']]",72,100,18,1,100,17,17,XGBOOSTGBM,NoneType,gbtree,XGBoostGBMModel,1,0,2,3,3,"[1, 2, 3]",LOGLOSS,1245006459,,,,,,600,0.05,30,0.0,1.0,0.0,256,1.0,0.0,1,0.7,0.8,gpu_hist,depthwise,0,6,,,,,multi:softprob,mlogloss,False,True,1245006459,False,False,False,2,"(912, 19)",,SEQUENCE,,1e-05,0
0,12,8,3,8,0.6509943400605748,0.6509943400605748,0.03689394468980559,"[['6_G', 1.0], ['5_F', 0.7730434536933899], ['7_H', 0.7287821173667908]]","[['G', 0.1140799206013431], ['F', 0.08818873581872998], ['H', 0.0831394060848822]]",10.976838827133179,70,"[['add', 'prune_by_features_1'], ['add', 'prune_1'], ['add', 'mutate_extra_72_18']]",72,100,18,1,100,17,17,LIGHTGBM,NoneType,lightgbm,LightGBMModel,1,0,2,3,3,"[1, 2, 3]",LOGLOSS,1245006459,,,,,,600,0.05,30,0.0,1.0,0.0,64,1.0,0.0,1,0.5,0.65,gpu_hist,depthwise,0,10,1,1,gbdt,True,multi:softprob,mlogloss,False,True,1245006459,False,False,False,2,"(912, 19)",,RANDOM,10,,
0,13,8,3,8,0.6320789228542483,0.6320789228542483,0.030598217339044106,"[['6_G', 1.0], ['9_J', 0.4777061939239502], ['8_I', 0.4164644479751587]]","[['G', 0.2179110950544222], ['J', 0.10409747983224815], ['I', 0.09075222390950227]]",26.82201623916626,134,"[['add', 'prune_by_features_1'], ['add', 'prune_1'], ['add', 'mutate_extra_72_18']]",72,100,18,1,100,17,17,XGBOOSTGBM,NoneType,gbtree,XGBoostGBMModel,1,0,2,3,3,"[1, 2, 3]",LOGLOSS,1245006459,,,,,,600,0.05,30,0.0,10.0,10.0,64,1.0,0.0,1,0.8,0.65,gpu_hist,lossguide,1024,0,,,,,multi:softprob,mlogloss,False,True,1245006459,False,False,False,2,"(912, 19)",,RANDOM,,1e-05,0
0,14,8,3,8,0.631742908000763,0.631742908000763,0.028791883449363728,"[['6_G', 1.0], ['5_F', 0.4751102328300476], ['8_I', 0.39115336537361145]]","[['G', 0.2146954446057373], ['F', 0.10200400267418244], ['I', 0.08397884568791793]]",30.776074647903442,146,"[['add', 'prune_by_features_1'], ['add', 'prune_3'], ['add', 'mutate_extra_72_16']]",72,100,16,3,100,15,15,XGBOOSTGBM,NoneType,gbtree,XGBoostGBMModel,1,0,2,3,3,"[1, 2, 3]",LOGLOSS,1245006459,,,,,,600,0.05,30,0.0,10.0,0.1,64,1.0,0.0,1,0.8,0.6,gpu_hist,depthwise,0,10,,,,,multi:softprob,mlogloss,False,True,1245006459,False,False,False,2,"(912, 19)",,RANDOM,,1e-05,0
0,15,8,3,8,0.6488716083169416,0.6488716083169416,0.02989120068588224,"[['6_G', 1.0], ['5_F', 0.7107409834861755], ['7_H', 0.6646260023117065]]","[['G', 0.14182628557898133], ['F', 0.10080175369659639], ['H', 0.09426143720707679]]",25.586501121520996,74,"[['add', 'prune_by_features_3'], ['add', 'prune_3'], ['add', 'mutate_extra_72_17']]",72,100,17,3,100,16,16,XGBOOSTGBM,NoneType,gbtree,XGBoostGBMModel,1,0,2,3,3,"[1, 2, 3]",LOGLOSS,1245006459,,,,,,600,0.05,30,0.0,2.0,0.001,64,1.0,0.0,1,0.8,0.6,gpu_hist,depthwise,0,10,,,,,multi:softprob,mlogloss,False,True,1245006459,False,False,False,2,"(912, 19)",,RANDOM,,1e-05,0
0,16,8,3,8,0.6394092995471643,0.6394092995471643,0.03010055949731554,"[['6_G', 1.0], ['5_F', 0.5098051428794861], ['8_I', 0.45336809754371643]]","[['G', 0.20287513486126904], ['F', 0.10342678711464427], ['I', 0.09197711393097845]]",28.061748266220093,114,"[['add', 'prune_by_features_3'], ['add', 'prune_3'], ['add', 'mutate_extra_72_16']]",72,100,16,3,100,15,15,XGBOOSTGBM,NoneType,gbtree,XGBoostGBMModel,1,0,2,3,3,"[1, 2, 3]",LOGLOSS,1245006459,,,,,,600,0.05,30,0.0,5.0,0.001,64,1.0,0.0,1,0.8,0.65,gpu_hist,lossguide,1024,0,,,,,multi:softprob,mlogloss,False,True,1245006459,False,False,False,2,"(912, 19)",,RANDOM,,1e-05,0
0,17,8,3,8,0.639948666655046,0.639948666655046,0.03230624397658161,"[['6_G', 1.0], ['5_F', 0.5265280604362488], ['8_I', 0.4409850537776947]]","[['G', 0.19820861977242868], ['F', 0.10436240013052278], ['I', 0.08740703884954709]]",13.99107050895691,76,"[['add', 'prune_by_features_3'], ['add', 'prune_3'], ['add', 'mutate_extra_100_16']]",100,100,16,3,100,15,15,LIGHTGBM,NoneType,lightgbm,LightGBMModel,1,0,2,3,3,"[1, 2, 3]",LOGLOSS,1245006459,,,,,,600,0.05,30,0.0,1.0,0.0,256,1.0,0.0,1,0.7,0.8,gpu_hist,depthwise,0,6,1,1,gbdt,True,multi:softprob,mlogloss,False,True,1245006459,False,False,False,2,"(912, 19)",,SEQUENCE,,,
0,18,8,3,8,0.6864443242143039,0.6864443242143039,0.03450118329125601,"[['6_G', 1.0], ['5_F', 0.991564929485321], ['8_I', 0.8994312882423401]]","[['G', 0.0785294793749778], ['F', 0.07786707767896883], ['I', 0.07063187079923655]]",15.54564380645752,72,"[['add', 'prune_by_features_3'], ['add', 'prune_3'], ['add', 'mutate_extra_100_17']]",100,100,17,3,100,16,16,LIGHTGBM,NoneType,lightgbm,LightGBMModel,1,0,2,3,3,"[1, 2, 3]",LOGLOSS,1245006459,,,,,,600,0.05,30,0.0,0.1,10.0,64,1.0,0.0,1,0.6,0.2,gpu_hist,lossguide,1024,0,1,1,gbdt,True,multi:softprob,mlogloss,False,True,1245006459,False,False,False,2,"(912, 19)",,RANDOM,5,,
0,19,8,3,8,0.6507085283456643,0.6507085283456643,0.03193879897078295,"[['6_G', 1.0], ['5_F', 0.7197727560997009], ['7_H', 0.6034888625144958]]","[['G', 0.1285371322690741], ['F', 0.09251752595446326], ['H', 0.07757072774393882]]",23.175140619277954,80,"[['add', 'prune_by_features_3'], ['add', 'prune_3'], ['add', 'mutate_extra_100_17']]",100,100,17,3,100,16,16,XGBOOSTGBM,NoneType,gbtree,XGBoostGBMModel,1,0,2,3,3,"[1, 2, 3]",LOGLOSS,1245006459,,,,,,600,0.05,30,0.0,1.0,1.0,64,1.0,0.0,1,0.5,0.55,gpu_hist,depthwise,0,10,,,,,multi:softprob,mlogloss,False,True,1245006459,False,False,False,2,"(912, 19)",,RANDOM,,1e-05,0
0,20,8,3,8,0.6498461913616889,0.6498461913616889,0.03336544652485112,"[['6_G', 1.0], ['5_F', 0.5754378437995911], ['8_I', 0.512473464012146]]","[['G', 0.17387827106553164], ['F', 0.10005613738555036], ['I', 0.0891079998893959]]",12.840635061264038,55,"[['add', 'prune_by_features_3'], ['add', 'prune_3'], ['add', 'mutate_extra_100_17']]",100,100,17,3,100,16,16,LIGHTGBM,NoneType,lightgbm,LightGBMModel,1,0,2,3,3,"[1, 2, 3]",LOGLOSS,1245006459,,,,,,600,0.05,30,0.0,2.0,0.0,64,1.0,0.0,1,1.0,0.7,gpu_hist,depthwise,0,10,1,1,gbdt,True,multi:softprob,mlogloss,False,True,1245006459,False,False,False,2,"(912, 19)",,RANDOM,0,,
0,21,8,3,8,0.6342229750192052,0.6342229750192052,0.02985551792117953,"[['6_G', 1.0], ['5_F', 0.5079917907714844], ['8_I', 0.41683441400527954]]","[['G', 0.2231003591251854], ['F', 0.1133331509537642], ['I', 0.09299590746031407]]",30.86222743988037,125,"[['add', 'prune_by_features_3'], ['add', 'prune_3'], ['add', 'mutate_extra_100_16']]",100,100,16,3,100,15,15,XGBOOSTGBM,NoneType,gbtree,XGBoostGBMModel,1,0,2,3,3,"[1, 2, 3]",LOGLOSS,1245006459,,,,,,600,0.05,30,0.0,10.0,0.0,64,1.0,0.0,1,0.9,0.55,gpu_hist,depthwise,0,10,,,,,multi:softprob,mlogloss,False,True,1245006459,False,False,False,2,"(912, 19)",,RANDOM,,1e-05,0
0,22,8,3,8,0.6489587350755713,0.6489587350755713,0.031203578772485224,"[['6_G', 1.0], ['8_I', 0.6052337288856506], ['5_F', 0.5431498289108276]]","[['G', 0.16235268216372434], ['I', 0.09826131922053775], ['F', 0.08818183154044086]]",21.911252737045288,66,"[['add', 'prune_by_features_3'], ['add', 'prune_3'], ['add', 'mutate_extra_100_16']]",100,100,16,3,100,15,15,XGBOOSTGBM,NoneType,gbtree,XGBoostGBMModel,1,0,2,3,3,"[1, 2, 3]",LOGLOSS,1245006459,,,,,,600,0.05,30,0.0,0.1,0.0,64,1.0,0.0,1,0.5,0.9,gpu_hist,depthwise,0,10,,,,,multi:softprob,mlogloss,False,True,1245006459,False,False,False,2,"(912, 19)",,RANDOM,,1e-05,0
1,24,8,3,8,0.6359511419449438,0.6359511419449438,0.028473118685307556,"[['6_G', 1.0], ['5_F', 0.9024671912193298], ['7_H', 0.7221933603286743]]","[['G', 0.14622385110878547], ['F', 0.1319622281994191], ['H', 0.10560189439245353]]",26.5478835105896,189,"[['add', 'prune_by_features_3'], ['add', 'prune_1'], ['perturb_xgb', 'perturb_xgb']]",36,100,15,5,100,14,14,XGBOOSTGBM,NoneType,gbtree,XGBoostGBMModel,1,0,2,3,3,"[1, 2, 3]",LOGLOSS,1245006459,,,,,,600,0.05,30,0.0,10.0,0.0,128,1.0,0.0,1,0.9,0.3,gpu_hist,lossguide,16,0,,,,,multi:softprob,mlogloss,False,True,1245006459,False,False,False,2,"(912, 19)",,RANDOM,,1e-05,0
2,24,8,3,8,0.6538406098171389,0.6538406098171389,0.028783121448567994,"[['6_G', 1.0], ['5_F', 0.831135630607605], ['13_N', 0.7305081486701965]]","[['G', 0.12342130835164807], ['F', 0.10257984694726267], ['N', 0.09016027147041589]]",37.77204465866089,64,"[['add', 'prune_2'], ['perturb_xgb', 'perturb_xgb'], ['prune_by_features', 'prune_by_features_2']]",72,100,15,5,100,14,14,XGBOOSTGBM,NoneType,gbtree,XGBoostGBMModel,1,0,2,3,3,"[1, 2, 3]",LOGLOSS,1245006459,,,,,,600,0.05,30,0.0,0.0,0.0,64,1.0,0.0,1,0.9,0.4,gpu_hist,lossguide,256,0,,,,,multi:softprob,mlogloss,False,True,1245006459,False,False,False,2,"(912, 19)",,RANDOM,,1e-05,0
3,24,8,3,8,0.6336194779042653,0.6336194779042653,0.028113107288041686,"[['6_G', 1.0], ['5_F', 0.6408295631408691], ['7_H', 0.600226879119873]]","[['G', 0.18755929836084428], ['F', 0.12019354323158778], ['H', 0.11257813230504268]]",30.326310873031616,138,"[['add', 'mutate_extra_100_16'], ['prune', 'prune_3'], ['add', 'add']]",100,100,14,6,100,13,13,XGBOOSTGBM,NoneType,gbtree,XGBoostGBMModel,1,0,2,3,3,"[1, 2, 3]",LOGLOSS,1245006459,,,,,,600,0.05,30,0.0,10.0,0.0,64,1.0,0.0,1,0.9,0.55,gpu_hist,depthwise,0,10,,,,,multi:softprob,mlogloss,False,True,1245006459,False,False,False,2,"(912, 19)",,RANDOM,,1e-05,0
6,24,8,3,8,0.6282871443489144,0.6282871443489144,0.028693301460083857,"[['6_G', 1.0], ['5_F', 0.5362359285354614], ['9_J', 0.5092464089393616]]","[['G', 0.1913607412177392], ['F', 0.10261450475212852], ['J', 0.09744977027710816]]",29.759095668792725,212,"[['add', 'mutate_extra_72_16'], ['prune', 'prune_3'], ['perturb_xgb', 'perturb_xgb']]",72,100,13,6,100,13,13,XGBOOSTGBM,NoneType,gbtree,XGBoostGBMModel,1,0,2,3,3,"[1, 2, 3]",LOGLOSS,1245006459,,,,,,600,0.05,30,0.0,10.0,0.1,64,1.0,0.0,1,0.5,0.65,gpu_hist,depthwise,0,10,,,,,multi:softprob,mlogloss,False,True,1245006459,False,False,False,2,"(912, 19)",,RANDOM,,1e-05,0
0,25,8,3,8,0.6272958865746638,0.6272958865746638,0.027935435335123247,"[['6_G', 1.0], ['5_F', 0.5632464289665222], ['9_J', 0.5387187004089355]]","[['G', 0.19491257655552657], ['F', 0.10978381270556421], ['J', 0.10500304993535044]]",30.207008123397827,138,"[['add', 'mutate_extra_72_18'], ['prune_by_features', 'prune_by_features_1'], ['prune', 'prune_3']]",72,100,14,6,100,13,13,XGBOOSTGBM,NoneType,gbtree,XGBoostGBMModel,1,0,2,3,3,"[1, 2, 3]",LOGLOSS,1245006459,,,,,,600,0.05,30,0.0,10.0,10.0,64,1.0,0.0,1,0.8,0.65,gpu_hist,lossguide,1024,0,,,,,multi:softprob,mlogloss,False,True,1245006459,False,False,False,2,"(912, 19)",,RANDOM,,1e-05,0
2,25,8,3,8,0.6329105734998051,0.6329105734998051,0.0282261652552577,"[['6_G', 1.0], ['5_F', 0.5388512015342712], ['7_H', 0.46439000964164734]]","[['G', 0.2241352636830691], ['F', 0.12077555614182249], ['H', 0.10408617726281362]]",29.595978498458862,166,"[['add', 'add'], ['prune_by_features', 'prune_by_features_2'], ['add_best', 'add_best']]",100,100,13,9,100,12,12,XGBOOSTGBM,NoneType,gbtree,XGBoostGBMModel,1,0,2,3,3,"[1, 2, 3]",LOGLOSS,1245006459,,,,,,600,0.05,30,0.0,10.0,0.0,64,1.0,0.0,1,0.9,0.55,gpu_hist,depthwise,0,10,,,,,multi:softprob,mlogloss,False,True,1245006459,False,False,False,2,"(912, 19)",,RANDOM,,1e-05,0
3,25,8,3,8,0.6324111771215647,0.6324111771215647,0.028199722416837172,"[['6_G', 1.0], ['5_F', 0.47406652569770813], ['8_I', 0.39450785517692566]]","[['G', 0.21403321851781817], ['F', 0.10146598428664043], ['I', 0.0844377859740787]]",30.669467449188232,137,"[['add', 'mutate_extra_72_16'], ['add_best', 'add_best'], ['prune_by_features', 'prune_by_features_2']]",72,100,16,5,100,15,15,XGBOOSTGBM,NoneType,gbtree,XGBoostGBMModel,1,0,2,3,3,"[1, 2, 3]",LOGLOSS,1245006459,,,,,,600,0.05,30,0.0,10.0,0.1,64,1.0,0.0,1,0.8,0.6,gpu_hist,depthwise,0,10,,,,,multi:softprob,mlogloss,False,True,1245006459,False,False,False,2,"(912, 19)",,RANDOM,,1e-05,0
4,25,8,3,8,0.648422441987412,0.648422441987412,0.029177801972637953,"[['6_G', 1.0], ['7_H', 0.6050543189048767], ['8_I', 0.5714435577392578]]","[['G', 0.18470305614613278], ['H', 0.11175538183614757], ['I', 0.10554737152946]]",32.79074192047119,119,"[['add', 'perturb_xgb'], ['add', 'prune_by_features_1'], ['add', 'prune_3']]",72,100,12,10,100,11,11,XGBOOSTGBM,NoneType,gbtree,XGBoostGBMModel,1,0,2,3,3,"[1, 2, 3]",LOGLOSS,1245006459,,,,,,600,0.05,30,0.0,5.0,0.0,64,1.0,0.0,1,1.0,0.35,gpu_hist,lossguide,512,0,,,,,multi:softprob,mlogloss,False,True,1245006459,False,False,False,2,"(912, 19)",,RANDOM,,1e-05,0
1,26,8,3,8,0.6436950169650866,0.6436950169650866,0.027701187411293102,"[['6_G', 1.0], ['8_I', 0.5818025469779968], ['5_F', 0.5633179545402527]]","[['G', 0.16431834771972859], ['I', 0.09560083321855421], ['F', 0.0925634755309115]]",23.665072202682495,77,"[['prune_by_features', 'prune_by_features_2'], ['perturb_xgb', 'perturb_xgb'], ['prune_by_features', 'prune_by_features_3']]",72,100,16,6,100,15,15,XGBOOSTGBM,NoneType,gbtree,XGBoostGBMModel,1,0,2,3,3,"[1, 2, 3]",LOGLOSS,1245006459,,,,,,600,0.05,30,0.0,2.0,0.0,128,1.0,0.0,1,0.7,0.7,gpu_hist,depthwise,0,9,,,,,multi:softprob,mlogloss,False,True,1245006459,False,False,False,2,"(912, 19)",,RANDOM,,1e-05,0
5,26,8,3,8,0.6491472073918989,0.6491472073918989,0.026873164296848464,"[['6_G', 1.0], ['9_J', 0.9673974514007568], ['5_F', 0.825090765953064]]","[['G', 0.10662638376251261], ['J', 0.10315009190393375], ['F', 0.08797644464941687]]",20.37035870552063,70,"[['add', 'prune_by_features_2'], ['add', 'prune_2'], ['prune_by_features', 'prune_by_features_1']]",72,100,14,7,100,13,13,XGBOOSTGBM,NoneType,gbtree,XGBoostGBMModel,1,0,2,3,3,"[1, 2, 3]",LOGLOSS,1245006459,,,,,,600,0.05,30,0.0,0.1,0.001,256,1.0,0.0,1,0.4,0.35,gpu_hist,lossguide,128,0,,,,,multi:softprob,mlogloss,False,True,1245006459,False,False,False,2,"(912, 19)",,RANDOM,,1e-05,0
6,26,8,3,8,0.6372298622741004,0.6372298622741004,0.027752390156357363,"[['6_G', 1.0], ['7_H', 0.6413599252700806], ['5_F', 0.6280993223190308]]","[['G', 0.1526095795239058], ['H', 0.09787766851895065], ['F', 0.09585397347835747]]",28.794015169143677,122,"[['add_best', 'perturb_xgb'], ['add_best', 'prune_by_features_3'], ['add_best', 'prune_1']]",72,100,16,4,100,15,15,XGBOOSTGBM,NoneType,gbtree,XGBoostGBMModel,1,0,2,3,3,"[1, 2, 3]",LOGLOSS,1245006459,,,,,,600,0.05,30,0.0,5.0,0.0,128,1.0,0.0,1,0.7,0.4,gpu_hist,lossguide,128,0,,,,,multi:softprob,mlogloss,False,True,1245006459,False,False,False,2,"(912, 19)",,RANDOM,,1e-05,0
7,26,8,3,8,0.6391119810074,0.6391119810074,0.02830737560544565,"[['6_G', 1.0], ['5_F', 0.55318284034729], ['9_J', 0.5109176635742188]]","[['G', 0.18398937444061664], ['F', 0.1017797647467814], ['J', 0.09400342131168193]]",18.29954433441162,87,"[['add', 'prune_by_features_2'], ['add', 'prune_1'], ['add_best', 'add_best']]",72,100,15,9,100,14,14,XGBOOSTGBM,NoneType,gbtree,XGBoostGBMModel,1,0,2,3,3,"[1, 2, 3]",LOGLOSS,1245006459,,,,,,600,0.05,30,0.0,1.0,0.0,256,1.0,0.0,1,0.9,0.5,gpu_hist,lossguide,16,0,,,,,multi:softprob,mlogloss,False,True,1245006459,False,False,False,2,"(912, 19)",,RANDOM,,1e-05,0
1,27,8,3,8,0.6332649601911113,0.6332649601911113,0.0283852585554498,"[['6_G', 1.0], ['9_J', 0.4497950077056885], ['5_F', 0.4483005404472351]]","[['G', 0.20975961200935148], ['J', 0.09434882630008846], ['F', 0.09403534742779461]]",35.05646347999573,148,"[['perturb_xgb', 'perturb_xgb'], ['prune_by_features', 'prune_by_features_3'], ['add_best', 'add_best']]",72,100,17,4,100,16,16,XGBOOSTGBM,NoneType,gbtree,XGBoostGBMModel,1,0,2,3,3,"[1, 2, 3]",LOGLOSS,1245006459,,,,,,600,0.05,30,0.0,10.0,0.1,64,1.0,0.0,1,0.8,0.65,gpu_hist,lossguide,1024,0,,,,,multi:softprob,mlogloss,False,True,1245006459,False,False,False,2,"(912, 19)",,RANDOM,,1e-05,0
2,27,8,3,8,0.6352666746314409,0.6352666746314409,0.028316868935537774,"[['6_G', 1.0], ['7_H', 0.5848475694656372], ['5_F', 0.5244045257568359]]","[['G', 0.18177290341870267], ['H', 0.10630944075914027], ['F', 0.0953225332127279]]",25.165115118026733,117,"[['prune_by_features', 'prune_by_features_2'], ['perturb_xgb', 'perturb_xgb'], ['add_best', 'add_best']]",72,100,13,9,100,12,12,XGBOOSTGBM,NoneType,gbtree,XGBoostGBMModel,1,0,2,3,3,"[1, 2, 3]",LOGLOSS,1245006459,,,,,,600,0.05,30,0.0,5.0,0.0,128,1.0,0.0,1,0.6,0.5,gpu_hist,lossguide,32,0,,,,,multi:softprob,mlogloss,False,True,1245006459,False,False,False,2,"(912, 19)",,RANDOM,,1e-05,0
4,27,8,3,8,0.6314476581778031,0.6314476581778031,0.027364252866544134,"[['6_G', 1.0], ['5_F', 0.455951988697052], ['9_J', 0.3843439817428589]]","[['G', 0.22147259452516946], ['F', 0.10098086991564685], ['J', 0.08512165882672533]]",30.803508758544922,123,"[['prune', 'prune_2'], ['prune_by_features', 'prune_by_features_1'], ['prune', 'prune_1']]",72,100,15,4,100,15,15,XGBOOSTGBM,NoneType,gbtree,XGBoostGBMModel,1,0,2,3,3,"[1, 2, 3]",LOGLOSS,1245006459,,,,,,600,0.05,30,0.0,10.0,10.0,64,1.0,0.0,1,0.8,0.65,gpu_hist,lossguide,1024,0,,,,,multi:softprob,mlogloss,False,True,1245006459,False,False,False,2,"(912, 19)",,RANDOM,,1e-05,0
6,27,8,3,8,0.6645165926578991,0.6645165926578991,0.028401606987672974,"[['6_G', 1.0], ['5_F', 0.6979522109031677], ['7_H', 0.5876860022544861]]","[['G', 0.19759182513420454], ['F', 0.13790965120881016], ['H', 0.11612194979128815]]",26.331353187561035,67,"[['add', 'perturb_xgb'], ['add', 'prune_by_features_2'], ['add', 'prune_2']]",72,100,11,14,100,10,10,XGBOOSTGBM,NoneType,gbtree,XGBoostGBMModel,1,0,2,3,3,"[1, 2, 3]",LOGLOSS,1245006459,,,,,,600,0.05,30,0.0,0.5,0.01,128,1.0,0.0,1,1.0,0.55,gpu_hist,lossguide,512,0,,,,,multi:softprob,mlogloss,False,True,1245006459,False,False,False,2,"(912, 19)",,RANDOM,,1e-05,0
0,28,8,3,8,0.629331455895403,0.629331455895403,0.028170141400385283,"[['6_G', 1.0], ['7_H', 0.47887080907821655], ['9_J', 0.47271373867988586]]","[['G', 0.20733424192128386], ['H', 0.09928631617846388], ['J', 0.09800974465497002]]",19.553157806396484,121,"[['add_best', 'add_best'], ['prune_by_features', 'prune_by_features_3'], ['perturb_xgb', 'perturb_xgb']]",72,100,18,3,100,17,17,XGBOOSTGBM,NoneType,gbtree,XGBoostGBMModel,1,0,2,3,3,"[1, 2, 3]",LOGLOSS,1245006459,,,,,,600,0.05,30,0.0,0.1,0.0,256,1.0,0.0,1,0.7,0.8,gpu_hist,lossguide,8,0,,,,,multi:softprob,mlogloss,False,True,1245006459,False,False,False,2,"(912, 19)",,RANDOM,,1e-05,0
1,28,8,3,8,0.636276735348189,0.636276735348189,0.026909450543195396,"[['5_F', 1.0], ['6_G', 0.9985386729240417], ['8_I', 0.9416400790214539]]","[['F', 0.13740878091331182], ['G', 0.1372079817412888], ['I', 0.12938961531745258]]",33.12266445159912,483,"[['perturb_xgb', 'perturb_xgb'], ['prune', 'prune_2'], ['add', 'add']]",72,100,10,11,100,9,9,XGBOOSTGBM,NoneType,gbtree,XGBoostGBMModel,1,0,2,3,3,"[1, 2, 3]",LOGLOSS,1245006459,,,,,,600,0.05,30,5.0,0.0,10.0,64,1.0,0.0,1,1.0,0.3,gpu_hist,lossguide,1024,0,,,,,multi:softprob,mlogloss,False,True,1245006459,False,False,False,2,"(912, 19)",,RANDOM,,1e-05,0
3,28,8,3,8,0.7393249869626054,0.7393249869626054,0.027235657797668053,"[['6_G', 1.0], ['8_I', 0.805871844291687], ['9_J', 0.74321448802948]]","[['G', 0.2604516907221866], ['I', 0.20989068435117658], ['J', 0.19357146997650237]]",19.614835262298584,89,"[['add_best', 'prune_2'], ['perturb_xgb', 'perturb_xgb'], ['add_best', 'perturb_xgb']]",72,100,7,18,100,6,6,XGBOOSTGBM,NoneType,gbtree,XGBoostGBMModel,1,0,2,3,3,"[1, 2, 3]",LOGLOSS,1245006459,,,,,,600,0.05,30,0.0,2.0,0.0,256,1.0,0.0,1,1.0,0.3,gpu_hist,lossguide,32,0,,,,,multi:softprob,mlogloss,False,True,1245006459,False,False,False,2,"(912, 19)",,RANDOM,,1e-05,0
6,28,8,3,8,0.6452336113182003,0.6452336113182003,0.027669459070412527,"[['6_G', 1.0], ['7_H', 0.8710338473320007], ['8_I', 0.7652233839035034]]","[['G', 0.14029255617715508], ['H', 0.12219956495902824], ['I', 0.10735514457435497]]",19.49627161026001,89,"[['add', 'perturb_xgb'], ['add', 'prune_by_features_2'], ['add', 'prune_2']]",72,100,12,9,100,11,11,XGBOOSTGBM,NoneType,gbtree,XGBoostGBMModel,1,0,2,3,3,"[1, 2, 3]",LOGLOSS,1245006459,,,,,,600,0.05,30,0.0,1.0,0.0,256,1.0,0.0,1,0.5,0.4,gpu_hist,depthwise,0,8,,,,,multi:softprob,mlogloss,False,True,1245006459,False,False,False,2,"(912, 19)",,RANDOM,,1e-05,0
1,29,8,3,8,0.6776829303946867,0.6776829303946867,0.02898817274844139,"[['6_G', 1.0], ['7_H', 0.9291531443595886], ['5_F', 0.8778606653213501]]","[['G', 0.1587618825794084], ['H', 0.1475141024031051], ['F', 0.13937081186882952]]",25.749995708465576,85,"[['add', 'prune_by_features_1'], ['add', 'prune_3'], ['prune', 'prune_2']]",72,100,10,12,100,9,9,XGBOOSTGBM,NoneType,gbtree,XGBoostGBMModel,1,0,2,3,3,"[1, 2, 3]",LOGLOSS,1245006459,,,,,,600,0.05,30,0.0,0.5,0.0,128,1.0,0.0,1,0.9,0.3,gpu_hist,depthwise,0,10,,,,,multi:softprob,mlogloss,False,True,1245006459,False,False,False,2,"(912, 19)",,RANDOM,,1e-05,0
3,29,8,3,8,0.6315265915580399,0.6315265915580399,0.02682835393033202,"[['6_G', 1.0], ['8_I', 0.713655412197113], ['7_H', 0.6394477486610413]]","[['G', 0.17573388469300005], ['I', 0.1254134379175829], ['H', 0.11237263693039791]]",24.66373038291931,109,"[['add_best', 'add_best'], ['perturb_xgb', 'perturb_xgb'], ['prune_by_features', 'prune_by_features_2']]",72,100,12,14,100,11,11,XGBOOSTGBM,NoneType,gbtree,XGBoostGBMModel,1,0,2,3,3,"[1, 2, 3]",LOGLOSS,1245006459,,,,,,600,0.05,30,0.0,5.0,1.0,64,1.0,0.0,1,0.8,0.6,gpu_hist,lossguide,1024,0,,,,,multi:softprob,mlogloss,False,True,1245006459,False,False,False,2,"(912, 19)",,RANDOM,,1e-05,0
4,29,8,3,8,0.7109434815052177,0.7109434815052177,0.0285661311795196,"[['7_H', 1.0], ['8_I', 0.863673210144043], ['0_A', 0.8349194526672363]]","[['H', 0.14054535036371946], ['I', 0.12138525391945282], ['A', 0.11734404700060161]]",32.071146965026855,63,"[['add_best', 'perturb_xgb'], ['add_best', 'prune_by_features_3'], ['add_best', 'prune_3']]",72,100,12,9,100,11,11,XGBOOSTGBM,NoneType,gbtree,XGBoostGBMModel,1,0,2,3,3,"[1, 2, 3]",LOGLOSS,1245006459,,,,,,600,0.05,30,0.0,0.1,0.0,128,1.0,0.0,1,1.0,0.2,gpu_hist,lossguide,512,0,,,,,multi:softprob,mlogloss,False,True,1245006459,False,False,False,2,"(912, 19)",,RANDOM,,1e-05,0
5,29,8,3,8,0.6396216300139986,0.6396216300139986,0.02771583285940198,"[['6_G', 1.0], ['8_I', 0.5279645919799805], ['7_H', 0.484971284866333]]","[['G', 0.1852891994102397], ['I', 0.09782613656492445], ['H', 0.08985994110983814]]",23.441153287887573,83,"[['perturb_xgb', 'perturb_xgb'], ['perturb_xgb', 'perturb_xgb'], ['perturb_xgb', 'perturb_xgb']]",72,100,16,6,100,15,15,XGBOOSTGBM,NoneType,gbtree,XGBoostGBMModel,1,0,2,3,3,"[1, 2, 3]",LOGLOSS,1245006459,,,,,,600,0.05,30,0.0,2.0,0.1,256,1.0,0.0,1,0.6,0.8,gpu_hist,lossguide,128,0,,,,,multi:softprob,mlogloss,False,True,1245006459,False,False,False,2,"(912, 19)",,RANDOM,,1e-05,0
0,30,8,3,8,0.6421460249690906,0.6421460249690906,0.028150058617914392,"[['6_G', 1.0], ['5_F', 0.905680239200592], ['8_I', 0.8911413550376892]]","[['G', 0.17859377474634144], ['F', 0.16174885263200317], ['I', 0.15915229842875056]]",19.791730165481567,80,"[['add', 'add_best'], ['add', 'perturb_xgb'], ['add', 'prune_by_features_3']]",72,100,8,17,100,7,7,XGBOOSTGBM,NoneType,gbtree,XGBoostGBMModel,1,0,2,3,3,"[1, 2, 3]",LOGLOSS,1245006459,,,,,,600,0.05,30,0.0,0.1,0.01,128,1.0,0.0,1,0.4,0.7,gpu_hist,depthwise,0,9,,,,,multi:softprob,mlogloss,False,True,1245006459,False,False,False,2,"(912, 19)",,RANDOM,,1e-05,0
2,30,8,3,8,0.6944336643044737,0.6944336643044737,0.027327029785010302,"[['6_G', 1.0], ['4_E', 0.9228307604789734], ['10_K', 0.8936464786529541]]","[['G', 0.17169680909625845], ['E', 0.1584470969101133], ['K', 0.15343624884481988]]",27.20479702949524,66,"[['add', 'prune_2'], ['prune', 'prune_1'], ['prune', 'prune_2']]",72,100,8,16,100,7,7,XGBOOSTGBM,NoneType,gbtree,XGBoostGBMModel,1,0,2,3,3,"[1, 2, 3]",LOGLOSS,1245006459,,,,,,600,0.05,30,0.0,0.0,0.0,128,1.0,0.0,1,0.7,0.55,gpu_hist,lossguide,64,0,,,,,multi:softprob,mlogloss,False,True,1245006459,False,False,False,2,"(912, 19)",,RANDOM,,1e-05,0
3,30,8,3,8,0.6565580495246972,0.6565580495246972,0.028476272746537808,"[['6_G', 1.0], ['13_N', 0.6443658471107483], ['8_I', 0.573456883430481]]","[['G', 0.19842406814521188], ['N', 0.1278576927575503], ['I', 0.11378764771615058]]",34.33325004577637,60,"[['add', 'prune_by_features_1'], ['add', 'prune_1'], ['perturb_xgb', 'perturb_xgb']]",72,100,12,18,100,11,11,XGBOOSTGBM,NoneType,gbtree,XGBoostGBMModel,1,0,2,3,3,"[1, 2, 3]",LOGLOSS,1245006459,,,,,,600,0.05,30,0.0,0.0,0.0,64,1.0,0.0,1,0.8,0.9,gpu_hist,lossguide,1024,0,,,,,multi:softprob,mlogloss,False,True,1245006459,False,False,False,2,"(912, 19)",,RANDOM,,1e-05,0
4,30,8,3,8,0.6282345673754128,0.6282345673754128,0.02789964226789303,"[['6_G', 1.0], ['9_J', 0.5058839321136475], ['8_I', 0.41565850377082825]]","[['G', 0.25567570430114694], ['J', 0.12934223063779043], ['I', 0.10627378070036746]]",28.049343824386597,137,"[['prune_by_features', 'prune_by_features_3'], ['prune', 'prune_2'], ['prune', 'prune_1']]",72,100,11,10,100,10,10,XGBOOSTGBM,NoneType,gbtree,XGBoostGBMModel,1,0,2,3,3,"[1, 2, 3]",LOGLOSS,1245006459,,,,,,600,0.05,30,0.0,10.0,10.0,64,1.0,0.0,1,0.8,0.65,gpu_hist,lossguide,1024,0,,,,,multi:softprob,mlogloss,False,True,1245006459,False,False,False,2,"(912, 19)",,RANDOM,,1e-05,0
0,31,8,3,8,0.6301084717519666,0.6301084717519666,0.02788387195260056,"[['6_G', 1.0], ['9_J', 0.6466258764266968], ['5_F', 0.5896931290626526]]","[['G', 0.19388689494097885], ['J', 0.12537228336886133], ['F', 0.1143337697619876]]",25.52394938468933,105,"[['add_best', 'add_best'], ['prune', 'prune_3'], ['add_best', 'add_best']]",72,100,10,18,100,10,10,XGBOOSTGBM,NoneType,gbtree,XGBoostGBMModel,1,0,2,3,3,"[1, 2, 3]",LOGLOSS,1245006459,,,,,,600,0.05,30,0.0,5.0,1.0,64,1.0,0.0,1,0.8,0.6,gpu_hist,lossguide,1024,0,,,,,multi:softprob,mlogloss,False,True,1245006459,False,False,False,2,"(912, 19)",,RANDOM,,1e-05,0
2,31,8,3,8,0.6607911160479744,0.6607911160479744,0.02799551439335782,"[['6_G', 1.0], ['7_H', 0.6855900883674622], ['5_F', 0.6707847714424133]]","[['G', 0.19390625678383608], ['H', 0.13294020772343398], ['F', 0.1300693641379994]]",29.440006017684937,108,"[['perturb_xgb', 'perturb_xgb'], ['add_best', 'add_best'], ['add', 'add']]",72,100,10,12,100,9,9,XGBOOSTGBM,NoneType,gbtree,XGBoostGBMModel,1,0,2,3,3,"[1, 2, 3]",LOGLOSS,1245006459,,,,,,600,0.05,30,0.0,2.0,0.1,128,1.0,0.0,1,0.9,0.3,gpu_hist,lossguide,512,0,,,,,multi:softprob,mlogloss,False,True,1245006459,False,False,False,2,"(912, 19)",,RANDOM,,1e-05,0
6,31,8,3,8,0.6283987534792008,0.6283987534792008,0.027914751167175133,"[['6_G', 1.0], ['5_F', 0.5398862957954407], ['13_N', 0.5121368169784546]]","[['G', 0.20955660101570753], ['F', 0.11313673708185341], ['N', 0.10732165062100844]]",29.66739773750305,149,"[['add_best', 'add_best'], ['prune', 'prune_1'], ['add_best', 'add_best']]",72,100,13,10,100,12,12,XGBOOSTGBM,NoneType,gbtree,XGBoostGBMModel,1,0,2,3,3,"[1, 2, 3]",LOGLOSS,1245006459,,,,,,600,0.05,30,0.0,10.0,10.0,64,1.0,0.0,1,0.8,0.65,gpu_hist,lossguide,1024,0,,,,,multi:softprob,mlogloss,False,True,1245006459,False,False,False,2,"(912, 19)",,RANDOM,,1e-05,0
7,31,8,3,8,0.6956254699123153,0.6956254699123153,0.02805705941127384,"[['6_G', 1.0], ['83_F', 0.7432917356491089], ['84_C', 0.7242621779441833]]","[['G', 0.40525963566234047], ['F', 0.30122613797998654], ['C', 0.29351422635767294]]",18.199659824371338,69,"[['prune', 'prune_3'], ['add', 'add'], ['add_best', 'add_best']]",72,100,4,24,100,3,3,XGBOOSTGBM,NoneType,gbtree,XGBoostGBMModel,1,0,2,3,3,"[1, 2, 3]",LOGLOSS,1245006459,,,,,,600,0.05,30,0.0,0.1,0.01,128,1.0,0.0,1,0.4,0.7,gpu_hist,depthwise,0,9,,,,,multi:softprob,mlogloss,False,True,1245006459,False,False,False,2,"(912, 19)",,RANDOM,,1e-05,0
1,32,8,3,8,0.7521754439262281,0.7521754439262281,0.026233442796134567,"[['78_C', 1.0], ['79_B', 0.8323997259140015], ['83_O', 0.8130059242248535]]","[['C', 0.3780138595937114], ['B', 0.3146586331174992], ['O', 0.3073275072887894]]",13.914948463439941,106,"[['prune', 'prune_3'], ['perturb_xgb', 'perturb_xgb'], ['perturb_xgb', 'perturb_xgb']]",72,100,4,22,100,3,3,XGBOOSTGBM,NoneType,gbtree,XGBoostGBMModel,1,0,2,3,3,"[1, 2, 3]",LOGLOSS,1245006459,,,,,,600,0.05,30,0.0,10.0,0.0,64,1.0,0.0,1,0.9,0.3,gpu_hist,depthwise,0,4,,,,,multi:softprob,mlogloss,False,True,1245006459,False,False,False,2,"(912, 19)",,RANDOM,,1e-05,0
3,32,8,3,8,0.640923698611845,0.640923698611845,0.027597243597212575,"[['6_G', 1.0], ['9_J', 0.7709225416183472], ['5_F', 0.7306936979293823]]","[['G', 0.16204415984072762], ['J', 0.12492349555882344], ['F', 0.11840464638188118]]",21.982730627059937,75,"[['prune', 'prune_1'], ['perturb_xgb', 'perturb_xgb'], ['perturb_xgb', 'perturb_xgb']]",72,100,10,19,100,10,10,XGBOOSTGBM,NoneType,gbtree,XGBoostGBMModel,1,0,2,3,3,"[1, 2, 3]",LOGLOSS,1245006459,,,,,,600,0.05,30,0.0,1.0,1.0,64,1.0,0.0,1,0.8,0.6,gpu_hist,depthwise,0,10,,,,,multi:softprob,mlogloss,False,True,1245006459,False,False,False,2,"(912, 19)",,RANDOM,,1e-05,0
4,32,8,3,8,0.641330459601801,0.641330459601801,0.02772140471391826,"[['6_G', 1.0], ['9_J', 0.7119051814079285], ['5_F', 0.660099983215332]]","[['G', 0.17943458917764749], ['J', 0.12774041375937026], ['F', 0.11844476930441511]]",16.583019495010376,84,"[['prune_by_features', 'prune_by_features_2'], ['perturb_xgb', 'perturb_xgb'], ['prune', 'prune_3']]",72,100,11,10,100,10,10,XGBOOSTGBM,NoneType,gbtree,XGBoostGBMModel,1,0,2,3,3,"[1, 2, 3]",LOGLOSS,1245006459,,,,,,600,0.05,30,0.0,0.5,0.0,128,1.0,0.0,1,0.5,0.65,gpu_hist,depthwise,0,7,,,,,multi:softprob,mlogloss,False,True,1245006459,False,False,False,2,"(912, 19)",,RANDOM,,1e-05,0
5,32,8,3,8,0.6704884961706061,0.6704884961706061,0.028494360422744856,"[['6_G', 1.0], ['4_E', 0.7426241636276245], ['11_L', 0.734226405620575]]","[['G', 0.13194341565002488], ['E', 0.09798436869327175], ['L', 0.09687633981801928]]",31.129971027374268,90,"[['add_best', 'prune_1'], ['add', 'add'], ['perturb_xgb', 'perturb_xgb']]",72,100,14,6,100,13,13,XGBOOSTGBM,NoneType,gbtree,XGBoostGBMModel,1,0,2,3,3,"[1, 2, 3]",LOGLOSS,1245006459,,,,,,600,0.05,30,0.0,0.5,0.001,64,1.0,0.0,1,0.8,0.2,gpu_hist,lossguide,512,0,,,,,multi:softprob,mlogloss,False,True,1245006459,False,False,False,2,"(912, 19)",,RANDOM,,1e-05,0
1,33,8,3,8,0.6310667088001259,0.6310667088001259,0.027185468792636173,"[['6_G', 1.0], ['7_H', 0.8806541562080383], ['5_F', 0.718472421169281]]","[['G', 0.20415062122144792], ['H', 0.17978609307112106], ['F', 0.14667659111218648]]",14.951083421707153,173,"[['perturb_xgb', 'perturb_xgb'], ['prune', 'prune_2'], ['add_best', 'add_best']]",72,100,10,16,100,9,9,XGBOOSTGBM,NoneType,gbtree,XGBoostGBMModel,1,0,2,3,3,"[1, 2, 3]",LOGLOSS,1245006459,,,,,,600,0.05,30,0.0,5.0,0.001,64,1.0,0.0,1,1.0,0.5,gpu_hist,depthwise,0,3,,,,,multi:softprob,mlogloss,False,True,1245006459,False,False,False,2,"(912, 19)",,RANDOM,,1e-05,0
5,33,8,3,8,0.6421983886635778,0.6421983886635778,0.02799310028401657,"[['6_G', 1.0], ['8_I', 0.63340163230896], ['5_F', 0.5763980746269226]]","[['G', 0.20679993230677438], ['I', 0.1309874146844933], ['F', 0.11919908281460267]]",21.495223999023438,75,"[['prune_by_features', 'prune_by_features_3'], ['add_best', 'add_best'], ['add', 'add']]",72,100,10,22,100,9,9,XGBOOSTGBM,NoneType,gbtree,XGBoostGBMModel,1,0,2,3,3,"[1, 2, 3]",LOGLOSS,1245006459,,,,,,600,0.05,30,0.0,1.0,1.0,64,1.0,0.0,1,0.8,0.6,gpu_hist,depthwise,0,10,,,,,multi:softprob,mlogloss,False,True,1245006459,False,False,False,2,"(912, 19)",,RANDOM,,1e-05,0
6,33,8,3,8,0.6908982627271594,0.6908982627271594,0.02687533433680545,"[['6_G', 1.0], ['5_F', 0.7911852598190308], ['13_N', 0.7288333773612976]]","[['G', 0.19404870452210474], ['F', 0.15352847470486777], ['N', 0.14142917268943012]]",25.473501920700073,95,"[['prune', 'prune_1'], ['perturb_xgb', 'perturb_xgb'], ['prune_by_features', 'prune_by_features_3']]",72,100,9,14,100,8,8,XGBOOSTGBM,NoneType,gbtree,XGBoostGBMModel,1,0,2,3,3,"[1, 2, 3]",LOGLOSS,1245006459,,,,,,600,0.05,30,0.0,1.0,0.0,64,1.0,0.0,1,0.5,0.2,gpu_hist,lossguide,256,0,,,,,multi:softprob,mlogloss,False,True,1245006459,False,False,False,2,"(912, 19)",,RANDOM,,1e-05,0
7,33,8,3,8,0.6401990963867668,0.6401990963867668,0.02855877087715315,"[['6_G', 1.0], ['13_N', 0.8464008569717407], ['7_H', 0.8387441635131836]]","[['G', 0.15354579085721773], ['N', 0.12996128896595274], ['H', 0.1287856359135073]]",16.7708261013031,86,"[['add', 'prune_by_features_1'], ['add', 'prune_2'], ['prune_by_features', 'prune_by_features_1']]",72,100,10,14,100,9,9,XGBOOSTGBM,NoneType,gbtree,XGBoostGBMModel,1,0,2,3,3,"[1, 2, 3]",LOGLOSS,1245006459,,,,,,600,0.05,30,0.0,0.1,0.0,64,1.0,0.0,1,0.5,0.65,gpu_hist,depthwise,0,7,,,,,multi:softprob,mlogloss,False,True,1245006459,False,False,False,2,"(912, 19)",,RANDOM,,1e-05,0
1,34,8,3,8,0.6582234280048045,0.6582234280048045,0.028246274573192016,"[['6_G', 1.0], ['4_E', 0.8159298896789551], ['7_H', 0.6997260451316833]]","[['G', 0.17669084741108995], ['E', 0.14416734363541173], ['H', 0.1236351878699277]]",22.485027313232422,470,"[['prune_by_features', 'prune_by_features_1'], ['prune', 'prune_3'], ['add', 'add']]",72,100,10,12,100,9,9,XGBOOSTGBM,NoneType,gbtree,XGBoostGBMModel,1,0,2,3,3,"[1, 2, 3]",LOGLOSS,1245006459,,,,,,600,0.05,30,0.0,5.0,0.001,256,1.0,0.0,1,0.4,0.2,gpu_hist,depthwise,0,3,,,,,multi:softprob,mlogloss,False,True,1245006459,False,False,False,2,"(912, 19)",,RANDOM,,1e-05,0
4,34,8,3,8,0.6514934834978532,0.6514934834978532,0.02768957320684989,"[['6_G', 1.0], ['13_N', 0.7734063267707825], ['7_H', 0.7652755379676819]]","[['G', 0.15125898720902511], ['N', 0.11698465768840088], ['H', 0.1157548028088334]]",27.919209003448486,79,"[['add_best', 'add_best'], ['add', 'add'], ['prune_by_features', 'prune_by_features_3']]",72,100,13,13,100,12,12,XGBOOSTGBM,NoneType,gbtree,XGBoostGBMModel,1,0,2,3,3,"[1, 2, 3]",LOGLOSS,1245006459,,,,,,600,0.05,30,0.0,1.0,0.1,128,1.0,0.0,1,1.0,0.45,gpu_hist,lossguide,512,0,,,,,multi:softprob,mlogloss,False,True,1245006459,False,False,False,2,"(912, 19)",,RANDOM,,1e-05,0
5,34,8,3,8,0.6412914752043802,0.6412914752043802,0.02857507948921855,"[['6_G', 1.0], ['82_F', 0.954610288143158], ['7_H', 0.8244169354438782]]","[['G', 0.20634188418818822], ['F', 0.19697608552088847], ['H', 0.17011174381614175]]",18.533120155334473,87,"[['perturb_xgb', 'perturb_xgb'], ['add', 'add'], ['add', 'add']]",72,100,7,20,100,6,6,XGBOOSTGBM,NoneType,gbtree,XGBoostGBMModel,1,0,2,3,3,"[1, 2, 3]",LOGLOSS,1245006459,,,,,,600,0.05,30,0.0,0.5,0.0,64,1.0,0.0,1,0.5,0.65,gpu_hist,depthwise,0,7,,,,,multi:softprob,mlogloss,False,True,1245006459,False,False,False,2,"(912, 19)",,RANDOM,,1e-05,0
7,34,8,3,8,0.6328233571889996,0.6328233571889996,0.02824814320055792,"[['6_G', 1.0], ['9_J', 0.4716108739376068], ['5_F', 0.4352172017097473]]","[['G', 0.3009473697460941], ['J', 0.14193005205517953], ['F', 0.13097747212280375]]",22.50166893005371,163,"[['add', 'add'], ['perturb_xgb', 'perturb_xgb'], ['prune', 'prune_2']]",72,100,9,19,100,8,8,XGBOOSTGBM,NoneType,gbtree,XGBoostGBMModel,1,0,2,3,3,"[1, 2, 3]",LOGLOSS,1245006459,,,,,,600,0.05,30,0.0,5.0,0.001,64,1.0,0.0,1,1.0,0.7,gpu_hist,lossguide,8,0,,,,,multi:softprob,mlogloss,False,True,1245006459,False,False,False,2,"(912, 19)",,RANDOM,,1e-05,0
0,35,8,3,8,0.6796104360218997,0.6796104360218997,0.027587015322305956,"[['6_G', 1.0], ['4_E', 0.5832235217094421], ['13_N', 0.5539106130599976]]","[['G', 0.2779497377851261], ['E', 0.16210682492925726], ['N', 0.1539593096564248]]",23.634126663208008,66,"[['add', 'prune_2'], ['prune_by_features', 'prune_by_features_2'], ['perturb_xgb', 'perturb_xgb']]",72,100,7,22,100,6,6,XGBOOSTGBM,NoneType,gbtree,XGBoostGBMModel,1,0,2,3,3,"[1, 2, 3]",LOGLOSS,1245006459,,,,,,600,0.05,30,0.0,0.5,0.0,128,1.0,0.0,1,0.7,0.7,gpu_hist,lossguide,512,0,,,,,multi:softprob,mlogloss,False,True,1245006459,False,False,False,2,"(912, 19)",,RANDOM,,1e-05,0
1,35,8,3,8,0.6417445814697625,0.6417445814697625,0.028583504466384923,"[['6_G', 1.0], ['13_N', 0.7340806722640991], ['5_F', 0.6763553023338318]]","[['G', 0.16721034244595043], ['N', 0.12274588059223353], ['F', 0.11309360171837436]]",23.102197408676147,109,"[['add_best', 'add_best'], ['perturb_xgb', 'perturb_xgb'], ['prune', 'prune_2']]",72,100,12,14,100,11,11,XGBOOSTGBM,NoneType,gbtree,XGBoostGBMModel,1,0,2,3,3,"[1, 2, 3]",LOGLOSS,1245006459,,,,,,600,0.05,30,0.0,2.0,0.0,64,1.0,0.0,1,0.6,0.7,gpu_hist,lossguide,1024,0,,,,,multi:softprob,mlogloss,False,True,1245006459,False,False,False,2,"(912, 19)",,RANDOM,,1e-05,0
2,35,8,3,8,0.6353969571380125,0.6353969571380125,0.02791113493507104,"[['6_G', 1.0], ['5_F', 0.4923708736896515], ['8_I', 0.45690375566482544]]","[['G', 0.22623204836343913], ['F', 0.111390071309306], ['I', 0.10336627254900176]]",19.12026858329773,203,"[['add', 'perturb_xgb'], ['add', 'prune_by_features_3'], ['add', 'prune_2']]",72,100,12,11,100,11,11,XGBOOSTGBM,NoneType,gbtree,XGBoostGBMModel,1,0,2,3,3,"[1, 2, 3]",LOGLOSS,1245006459,,,,,,600,0.05,30,0.0,5.0,0.0,256,1.0,0.0,1,0.5,0.5,gpu_hist,depthwise,0,4,,,,,multi:softprob,mlogloss,False,True,1245006459,False,False,False,2,"(912, 19)",,RANDOM,,1e-05,0
3,35,8,3,8,0.6480790913667577,0.6480790913667577,0.02812395035591159,"[['6_G', 1.0], ['5_F', 0.742156445980072], ['13_N', 0.6573963165283203]]","[['G', 0.14890136908550855], ['F', 0.110508110882068], ['N', 0.09788721156283722]]",25.11559557914734,77,"[['prune_by_features', 'prune_by_features_1'], ['add_best', 'add_best'], ['add', 'add']]",72,100,14,14,100,13,13,XGBOOSTGBM,NoneType,gbtree,XGBoostGBMModel,1,0,2,3,3,"[1, 2, 3]",LOGLOSS,1245006459,,,,,,600,0.05,30,0.0,1.0,0.1,128,1.0,0.0,1,1.0,0.45,gpu_hist,depthwise,0,9,,,,,multi:softprob,mlogloss,False,True,1245006459,False,False,False,2,"(912, 19)",,RANDOM,,1e-05,0
1,36,8,3,8,0.650272349030369,0.650272349030369,0.027608351276732775,"[['6_G', 1.0], ['9_J', 0.5572964549064636], ['8_I', 0.5502974987030029]]","[['G', 0.2603939007304997], ['J', 0.1451165977563731], ['I', 0.14329411224951205]]",17.976569414138794,82,"[['perturb_xgb', 'perturb_xgb'], ['add', 'add_best'], ['add', 'perturb_xgb']]",72,100,9,17,100,8,8,XGBOOSTGBM,NoneType,gbtree,XGBoostGBMModel,1,0,2,3,3,"[1, 2, 3]",LOGLOSS,1245006459,,,,,,600,0.05,30,0.0,0.1,0.0,128,1.0,0.0,1,0.7,0.9,gpu_hist,lossguide,16,0,,,,,multi:softprob,mlogloss,False,True,1245006459,False,False,False,2,"(912, 19)",,RANDOM,,1e-05,0
3,36,8,3,8,0.6272867251479572,0.6272867251479572,0.028084562255774423,"[['6_G', 1.0], ['13_N', 0.5826812386512756], ['9_J', 0.5821244716644287]]","[['G', 0.2479351466636401], ['N', 0.14446715836315552], ['J', 0.14432911625861414]]",22.65924882888794,221,"[['perturb_xgb', 'perturb_xgb'], ['add_best', 'add_best'], ['perturb_xgb', 'perturb_xgb']]",72,100,8,21,100,7,7,XGBOOSTGBM,NoneType,gbtree,XGBoostGBMModel,1,0,2,3,3,"[1, 2, 3]",LOGLOSS,1245006459,,,,,,600,0.05,30,0.0,5.0,0.0,64,1.0,0.0,1,0.5,0.5,gpu_hist,depthwise,0,4,,,,,multi:softprob,mlogloss,False,True,1245006459,False,False,False,2,"(912, 19)",,RANDOM,,1e-05,0
5,36,8,3,8,0.6560962739775825,0.6560962739775825,0.02991336337036868,"[['6_G', 1.0], ['5_F', 0.8968584537506104], ['10_K', 0.8665036559104919]]","[['G', 0.1155756247484065], ['F', 0.10365497610311662], ['K', 0.10014670137863337]]",35.28915238380432,78,"[['add', 'prune_1'], ['perturb_xgb', 'perturb_xgb'], ['add_best', 'add_best']]",72,100,12,15,100,11,11,XGBOOSTGBM,NoneType,gbtree,XGBoostGBMModel,1,0,2,3,3,"[1, 2, 3]",LOGLOSS,1245006459,,,,,,600,0.05,30,0.0,0.0,0.001,64,1.0,0.0,1,0.8,0.4,gpu_hist,lossguide,256,0,,,,,multi:softprob,mlogloss,False,True,1245006459,False,False,False,2,"(912, 19)",,RANDOM,,1e-05,0
7,36,8,3,8,0.6448266980106312,0.6448266980106312,0.025511054174880025,"[['6_G', 1.0], ['5_F', 0.7048582434654236], ['7_H', 0.4924447536468506]]","[['G', 0.202890256453302], ['F', 0.14300886977992378], ['H', 0.09991224235649264]]",29.845757961273193,325,"[['prune_by_features', 'prune_by_features_3'], ['prune_by_features', 'prune_by_features_1'], ['prune', 'prune_3']]",72,100,11,11,100,10,10,XGBOOSTGBM,NoneType,gbtree,XGBoostGBMModel,1,0,2,3,3,"[1, 2, 3]",LOGLOSS,1245006459,,,,,,600,0.05,30,10.0,10.0,0.0,64,1.0,0.0,1,1.0,0.4,gpu_hist,lossguide,256,0,,,,,multi:softprob,mlogloss,False,True,1245006459,False,False,False,2,"(912, 19)",,RANDOM,,1e-05,0
0,37,8,3,8,0.6269330011774061,0.6269330011774061,0.027361032611835787,"[['6_G', 1.0], ['5_F', 0.5490029454231262], ['7_H', 0.5386061072349548]]","[['G', 0.2753954231846294], ['F', 0.15119289848440984], ['H', 0.14832965683179627]]",22.3725643157959,198,"[['prune', 'prune_1'], ['prune', 'prune_1'], ['prune_by_features', 'prune_by_features_3']]",72,100,8,18,100,8,8,XGBOOSTGBM,NoneType,gbtree,XGBoostGBMModel,1,0,2,3,3,"[1, 2, 3]",LOGLOSS,1245006459,,,,,,600,0.05,30,0.0,5.0,0.001,64,1.0,0.0,1,1.0,0.5,gpu_hist,depthwise,0,3,,,,,multi:softprob,mlogloss,False,True,1245006459,False,False,False,2,"(912, 19)",,RANDOM,,1e-05,0
2,37,8,3,8,0.6475655359299444,0.6475655359299444,0.025799775176024078,"[['6_G', 1.0], ['5_F', 0.7043443918228149], ['13_N', 0.6910355091094971]]","[['G', 0.139163693622809], ['F', 0.09801916714857396], ['N', 0.09616705387219589]]",27.395548582077026,256,"[['prune', 'prune_3'], ['perturb_xgb', 'perturb_xgb'], ['prune_by_features', 'prune_by_features_2']]",72,100,14,7,100,13,13,XGBOOSTGBM,NoneType,gbtree,XGBoostGBMModel,1,0,2,3,3,"[1, 2, 3]",LOGLOSS,1245006459,,,,,,600,0.05,30,10.0,0.0,0.0,64,1.0,0.0,1,1.0,0.4,gpu_hist,depthwise,0,8,,,,,multi:softprob,mlogloss,False,True,1245006459,False,False,False,2,"(912, 19)",,RANDOM,,1e-05,0
3,37,8,3,8,0.6399433859651588,0.6399433859651588,0.027796303811279708,"[['6_G', 1.0], ['5_F', 0.5064589977264404], ['9_J', 0.458497554063797]]","[['G', 0.2107554679140771], ['F', 0.10673900304513045], ['J', 0.0966308665441754]]",17.99023151397705,176,"[['add', 'prune_2'], ['perturb_xgb', 'perturb_xgb'], ['perturb_xgb', 'perturb_xgb']]",72,100,12,12,100,11,11,XGBOOSTGBM,NoneType,gbtree,XGBoostGBMModel,1,0,2,3,3,"[1, 2, 3]",LOGLOSS,1245006459,,,,,,600,0.05,30,0.0,5.0,0.0,64,1.0,0.0,1,0.5,0.4,gpu_hist,depthwise,0,4,,,,,multi:softprob,mlogloss,False,True,1245006459,False,False,False,2,"(912, 19)",,RANDOM,,1e-05,0
7,37,8,3,8,0.6293051264777195,0.6293051264777195,0.028003226824438433,"[['6_G', 1.0], ['7_H', 0.9051134586334229], ['9_J', 0.7299128770828247]]","[['G', 0.2173219124455135], ['H', 0.1967009878103886], ['J', 0.1586260623662465]]",18.526159286499023,160,"[['perturb_xgb', 'perturb_xgb'], ['prune', 'prune_2'], ['add', 'add']]",72,100,7,23,100,6,6,XGBOOSTGBM,NoneType,gbtree,XGBoostGBMModel,1,0,2,3,3,"[1, 2, 3]",LOGLOSS,1245006459,,,,,,600,0.05,30,0.0,5.0,0.0,64,1.0,0.0,1,0.5,0.5,gpu_hist,depthwise,0,4,,,,,multi:softprob,mlogloss,False,True,1245006459,False,False,False,2,"(912, 19)",,RANDOM,,1e-05,0
1,38,8,3,8,0.6404188085632366,0.6404188085632366,0.028218084596305853,"[['6_G', 1.0], ['5_F', 0.9280672669410706], ['7_H', 0.7592208981513977]]","[['G', 0.17925437422801252], ['F', 0.16636011717702345], ['H', 0.13609366699895842]]",19.365641832351685,175,"[['prune', 'prune_3'], ['prune_by_features', 'prune_by_features_3'], ['perturb_xgb', 'perturb_xgb']]",72,100,11,10,100,10,10,XGBOOSTGBM,NoneType,gbtree,XGBoostGBMModel,1,0,2,3,3,"[1, 2, 3]",LOGLOSS,1245006459,,,,,,600,0.05,30,0.0,2.0,0.0,128,1.0,0.0,1,0.6,0.2,gpu_hist,lossguide,8,0,,,,,multi:softprob,mlogloss,False,True,1245006459,False,False,False,2,"(912, 19)",,RANDOM,,1e-05,0
3,38,8,3,8,0.6230355983849741,0.6230355983849741,0.02746593608151339,"[['6_G', 1.0], ['5_F', 0.493766725063324], ['9_J', 0.45584672689437866]]","[['G', 0.23470738266680174], ['F', 0.11589069568757107], ['J', 0.106990592166608]]",16.879451990127563,190,"[['perturb_xgb', 'perturb_xgb'], ['add_best', 'add_best'], ['perturb_xgb', 'perturb_xgb']]",72,100,11,17,100,10,10,XGBOOSTGBM,NoneType,gbtree,XGBoostGBMModel,1,0,2,3,3,"[1, 2, 3]",LOGLOSS,1245006459,,,,,,600,0.05,30,0.0,5.0,0.001,64,1.0,0.0,1,0.6,0.5,gpu_hist,depthwise,0,4,,,,,multi:softprob,mlogloss,False,True,1245006459,False,False,False,2,"(912, 19)",,RANDOM,,1e-05,0
4,38,8,3,8,0.6597445890098065,0.6597445890098065,0.027687028942951917,"[['7_H', 1.0], ['6_G', 0.9995203018188477], ['5_F', 0.7632647156715393]]","[['H', 0.22203469220600505], ['G', 0.2219281825680011], ['F', 0.16947124621583418]]",21.153990507125854,208,"[['add', 'prune_by_features_1'], ['add', 'prune_3'], ['prune_by_features', 'prune_by_features_2']]",72,100,6,24,100,6,6,XGBOOSTGBM,NoneType,gbtree,XGBoostGBMModel,1,0,2,3,3,"[1, 2, 3]",LOGLOSS,1245006459,,,,,,600,0.05,30,0.0,5.0,0.0,64,1.0,0.0,1,0.5,0.3,gpu_hist,depthwise,0,4,,,,,multi:softprob,mlogloss,False,True,1245006459,False,False,False,2,"(912, 19)",,RANDOM,,1e-05,0
6,38,8,3,8,0.6258172280819194,0.6258172280819194,0.027232534001489995,"[['6_G', 1.0], ['7_H', 0.764884352684021], ['5_F', 0.6445019245147705]]","[['G', 0.26884237797404054], ['H', 0.2056333282507069], ['F', 0.17326942999539646]]",18.22208571434021,197,"[['prune_by_features', 'prune_by_features_3'], ['add', 'add'], ['prune', 'prune_2']]",72,100,7,21,100,6,6,XGBOOSTGBM,NoneType,gbtree,XGBoostGBMModel,1,0,2,3,3,"[1, 2, 3]",LOGLOSS,1245006459,,,,,,600,0.05,30,0.0,5.0,0.001,64,1.0,0.0,1,1.0,0.5,gpu_hist,depthwise,0,3,,,,,multi:softprob,mlogloss,False,True,1245006459,False,False,False,2,"(912, 19)",,RANDOM,,1e-05,0
0,39,8,3,8,0.630781712349455,0.630781712349455,0.027725565301421406,"[['6_G', 1.0], ['5_F', 0.7516247034072876], ['7_H', 0.7455518841743469]]","[['G', 0.22500195517972355], ['F', 0.16911702782801952], ['H', 0.16775063162715484]]",19.58486247062683,193,"[['add', 'perturb_xgb'], ['add', 'prune_by_features_1'], ['add', 'prune_3']]",72,100,8,22,100,7,7,XGBOOSTGBM,NoneType,gbtree,XGBoostGBMModel,1,0,2,3,3,"[1, 2, 3]",LOGLOSS,1245006459,,,,,,600,0.05,30,0.0,5.0,0.1,256,1.0,0.0,1,0.6,0.5,gpu_hist,depthwise,0,4,,,,,multi:softprob,mlogloss,False,True,1245006459,False,False,False,2,"(912, 19)",,RANDOM,,1e-05,0
5,39,8,3,8,0.6672831274122457,0.6672831274122457,0.028490675100436937,"[['5_F', 1.0], ['6_G', 0.9537245631217957], ['7_H', 0.8067902326583862]]","[['F', 0.17053576887572716], ['G', 0.1626441516676424], ['H', 0.1375865926478247]]",25.290465593338013,207,"[['perturb_xgb', 'perturb_xgb'], ['prune', 'prune_3'], ['add', 'add']]",72,100,9,13,100,8,8,XGBOOSTGBM,NoneType,gbtree,XGBoostGBMModel,1,0,2,3,3,"[1, 2, 3]",LOGLOSS,1245006459,,,,,,600,0.05,30,0.0,2.0,0.0,128,1.0,0.0,1,0.6,0.2,gpu_hist,lossguide,8,0,,,,,multi:softprob,mlogloss,False,True,1245006459,False,False,False,2,"(912, 19)",,RANDOM,,1e-05,0
6,39,8,3,8,0.6258938165668563,0.6258938165668563,0.027232215793757904,"[['6_G', 1.0], ['7_H', 0.7644848823547363], ['5_F', 0.644339382648468]]","[['G', 0.26891016418848257], ['H', 0.20557775523362493], ['F', 0.17326940918110503]]",18.23043704032898,197,"[['prune', 'prune_2'], ['prune', 'prune_1'], ['prune_by_features', 'prune_by_features_2']]",72,100,6,22,100,6,6,XGBOOSTGBM,NoneType,gbtree,XGBoostGBMModel,1,0,2,3,3,"[1, 2, 3]",LOGLOSS,1245006459,,,,,,600,0.05,30,0.0,5.0,0.001,64,1.0,0.0,1,1.0,0.5,gpu_hist,depthwise,0,3,,,,,multi:softprob,mlogloss,False,True,1245006459,False,False,False,2,"(912, 19)",,RANDOM,,1e-05,0
7,39,8,3,8,0.6266905677151958,0.6266905677151958,0.027103439577625985,"[['6_G', 1.0], ['7_H', 0.8087062239646912], ['5_F', 0.6840643882751465]]","[['G', 0.2081818986798432], ['H', 0.16835799717917593], ['F', 0.14240982317038547]]",16.879538774490356,219,"[['prune_by_features', 'prune_by_features_3'], ['add', 'add'], ['add_best', 'add_best']]",72,100,10,19,100,9,9,XGBOOSTGBM,NoneType,gbtree,XGBoostGBMModel,1,0,2,3,3,"[1, 2, 3]",LOGLOSS,1245006459,,,,,,600,0.05,30,0.0,5.0,0.001,64,1.0,0.0,1,1.0,0.5,gpu_hist,depthwise,0,3,,,,,multi:softprob,mlogloss,False,True,1245006459,False,False,False,2,"(912, 19)",,RANDOM,,1e-05,0
1,40,8,3,8,0.6188081489222634,0.6188081489222634,0.02696566927304432,"[['6_G', 1.0], ['7_H', 0.8453708291053772], ['5_F', 0.6580159664154053]]","[['G', 0.20456246706743056], ['H', 0.1729311423886352], ['F', 0.13460536945969484]]",15.581511497497559,197,"[['add_best', 'add_best'], ['prune', 'prune_2'], ['add_best', 'add_best']]",72,100,9,21,100,9,9,XGBOOSTGBM,NoneType,gbtree,XGBoostGBMModel,1,0,2,3,3,"[1, 2, 3]",LOGLOSS,1245006459,,,,,,600,0.05,30,0.0,5.0,0.001,64,1.0,0.0,1,1.0,0.5,gpu_hist,depthwise,0,3,,,,,multi:softprob,mlogloss,False,True,1245006459,False,False,False,2,"(912, 19)",,RANDOM,,1e-05,0
2,40,8,3,8,0.6718872297809594,0.6718872297809594,0.02649515722685559,"[['6_G', 1.0], ['7_H', 0.7953059673309326], ['5_F', 0.7636497020721436]]","[['G', 0.3907844172358283], ['H', 0.3107931789675952], ['F', 0.29842240379657653]]",15.246225357055664,160,"[['add', 'add'], ['prune', 'prune_3'], ['prune_by_features', 'prune_by_features_3']]",72,100,4,26,100,3,3,XGBOOSTGBM,NoneType,gbtree,XGBoostGBMModel,1,0,2,3,3,"[1, 2, 3]",LOGLOSS,1245006459,,,,,,600,0.05,30,0.0,5.0,0.001,64,1.0,0.0,1,1.0,0.5,gpu_hist,depthwise,0,3,,,,,multi:softprob,mlogloss,False,True,1245006459,False,False,False,2,"(912, 19)",,RANDOM,,1e-05,0
3,40,8,3,8,0.687323120779734,0.687323120779734,0.028587605136421217,"[['6_G', 1.0], ['9_J', 0.7985100150108337], ['5_F', 0.7377010583877563]]","[['G', 0.26706839059531495], ['J', 0.21325678458318414], ['F', 0.19701663440407854]]",25.31750512123108,66,"[['add', 'perturb_xgb'], ['add', 'prune_by_features_1'], ['add', 'prune_3']]",72,100,6,24,100,5,5,XGBOOSTGBM,NoneType,gbtree,XGBoostGBMModel,1,0,2,3,3,"[1, 2, 3]",LOGLOSS,1245006459,,,,,,600,0.05,30,0.0,0.5,0.0,256,1.0,0.0,1,0.9,0.65,gpu_hist,lossguide,256,0,,,,,multi:softprob,mlogloss,False,True,1245006459,False,False,False,2,"(912, 19)",,RANDOM,,1e-05,0
6,40,8,3,8,0.6351650343373151,0.6351650343373151,0.02730151651825316,"[['6_G', 1.0], ['7_H', 0.57402503490448], ['89_I', 0.4684446454048157]]","[['G', 0.40375329059087295], ['H', 0.2317644967242245], ['I', 0.18913606704186897]]",22.258761644363403,220,"[['prune', 'prune_2'], ['prune_by_features', 'prune_by_features_3'], ['add_best', 'add_best']]",72,100,5,25,100,4,4,XGBOOSTGBM,NoneType,gbtree,XGBoostGBMModel,1,0,2,3,3,"[1, 2, 3]",LOGLOSS,1245006459,,,,,,600,0.05,30,0.0,5.0,0.001,64,1.0,0.0,1,1.0,0.5,gpu_hist,depthwise,0,3,,,,,multi:softprob,mlogloss,False,True,1245006459,False,False,False,2,"(912, 19)",,RANDOM,,1e-05,0
0,41,8,3,8,0.6239965633184054,0.6239965633184054,0.027257453918745327,"[['6_G', 1.0], ['5_F', 0.6320496797561646], ['9_J', 0.555854320526123]]","[['G', 0.26656175292132955], ['F', 0.1684802705691682], ['J', 0.14816950204833793]]",20.068992376327515,169,"[['prune_by_features', 'prune_by_features_3'], ['add_best', 'add_best'], ['prune', 'prune_2']]",72,100,7,23,100,6,6,XGBOOSTGBM,NoneType,gbtree,XGBoostGBMModel,1,0,2,3,3,"[1, 2, 3]",LOGLOSS,1245006459,,,,,,600,0.05,30,0.0,5.0,0.001,64,1.0,0.0,1,0.6,0.5,gpu_hist,depthwise,0,4,,,,,multi:softprob,mlogloss,False,True,1245006459,False,False,False,2,"(912, 19)",,RANDOM,,1e-05,0
3,41,8,3,8,0.6261516643964005,0.6261516643964005,0.02721414913770636,"[['6_G', 1.0], ['7_H', 0.7643521428108215], ['5_F', 0.6442989110946655]]","[['G', 0.2689269555095518], ['H', 0.20555489470331642], ['F', 0.1732693445988078]]",18.236462831497192,197,"[['prune_by_features', 'prune_by_features_2'], ['add_best', 'add_best'], ['perturb_xgb', 'perturb_xgb']]",72,100,7,23,100,6,6,XGBOOSTGBM,NoneType,gbtree,XGBoostGBMModel,1,0,2,3,3,"[1, 2, 3]",LOGLOSS,1245006459,,,,,,600,0.05,30,0.0,5.0,0.001,64,1.0,0.0,1,1.0,0.6,gpu_hist,depthwise,0,3,,,,,multi:softprob,mlogloss,False,True,1245006459,False,False,False,2,"(912, 19)",,RANDOM,,1e-05,0
5,41,8,3,8,0.6185069624936671,0.6185069624936671,0.026991773531509815,"[['6_G', 1.0], ['7_H', 0.8461726307868958], ['5_F', 0.6584354043006897]]","[['G', 0.204473628439528], ['H', 0.17301998810321761], ['F', 0.1346326762104096]]",15.395058870315552,197,"[['add_best', 'add_best'], ['add', 'add'], ['perturb_xgb', 'perturb_xgb']]",72,100,10,22,100,9,9,XGBOOSTGBM,NoneType,gbtree,XGBoostGBMModel,1,0,2,3,3,"[1, 2, 3]",LOGLOSS,1245006459,,,,,,600,0.05,30,0.0,5.0,0.0,64,1.0,0.0,1,1.0,0.5,gpu_hist,depthwise,0,3,,,,,multi:softprob,mlogloss,False,True,1245006459,False,False,False,2,"(912, 19)",,RANDOM,,1e-05,0
6,41,8,3,8,0.6439203251146342,0.6439203251146342,0.027014854337753833,"[['6_G', 1.0], ['7_H', 0.9603827595710754], ['89_I', 0.6959329843521118]]","[['G', 0.3282934181754551], ['H', 0.3152873388963646], ['I', 0.2284702182540003]]",20.02022409439087,182,"[['add_best', 'add_best'], ['prune_by_features', 'prune_by_features_1'], ['add_best', 'add_best']]",72,100,5,27,100,4,4,XGBOOSTGBM,NoneType,gbtree,XGBoostGBMModel,1,0,2,3,3,"[1, 2, 3]",LOGLOSS,1245006459,,,,,,600,0.05,30,0.0,5.0,0.001,64,1.0,0.0,1,1.0,0.5,gpu_hist,depthwise,0,3,,,,,multi:softprob,mlogloss,False,True,1245006459,False,False,False,2,"(912, 19)",,RANDOM,,1e-05,0
2,42,8,3,8,0.647777468868252,0.647777468868252,0.02731473395152906,"[['6_G', 1.0], ['7_H', 0.5937024354934692], ['9_J', 0.5448002815246582]]","[['G', 0.34724592068135574], ['H', 0.20616074882369295], ['J', 0.18917967534549174]]",16.905330181121826,200,"[['add_best', 'perturb_xgb'], ['add_best', 'prune_by_features_2'], ['add_best', 'prune_3']]",72,100,5,26,100,5,5,XGBOOSTGBM,NoneType,gbtree,XGBoostGBMModel,1,0,2,3,3,"[1, 2, 3]",LOGLOSS,1245006459,,,,,,600,0.05,30,0.0,5.0,0.01,64,1.0,0.0,1,1.0,0.5,gpu_hist,depthwise,0,3,,,,,multi:softprob,mlogloss,False,True,1245006459,False,False,False,2,"(912, 19)",,RANDOM,,1e-05,0
3,42,8,3,8,0.6308286673024146,0.6308286673024146,0.027071551819045175,"[['6_G', 1.0], ['5_F', 0.5651309490203857], ['7_H', 0.3978562653064728]]","[['G', 0.31474596486943146], ['F', 0.1778726858269988], ['H', 0.1252236541032343]]",19.802210092544556,188,"[['prune_by_features', 'prune_by_features_2'], ['add', 'add'], ['add_best', 'add_best']]",72,100,8,23,100,7,7,XGBOOSTGBM,NoneType,gbtree,XGBoostGBMModel,1,0,2,3,3,"[1, 2, 3]",LOGLOSS,1245006459,,,,,,600,0.05,30,0.0,5.0,0.001,64,1.0,0.0,1,1.0,0.5,gpu_hist,depthwise,0,3,,,,,multi:softprob,mlogloss,False,True,1245006459,False,False,False,2,"(912, 19)",,RANDOM,,1e-05,0
6,42,8,3,8,0.6576796882533277,0.6576796882533277,0.02852245824424595,"[['6_G', 1.0], ['5_F', 0.8613672256469727], ['84_I', 0.749458372592926]]","[['G', 0.19903929806955306], ['F', 0.17144592797289177], ['I', 0.14917166841324556]]",21.360241413116455,90,"[['add_best', 'perturb_xgb'], ['add_best', 'prune_by_features_3'], ['add_best', 'prune_3']]",72,100,8,21,100,7,7,XGBOOSTGBM,NoneType,gbtree,XGBoostGBMModel,1,0,2,3,3,"[1, 2, 3]",LOGLOSS,1245006459,,,,,,600,0.05,30,0.0,0.5,0.0,64,1.0,0.0,1,0.5,0.55,gpu_hist,depthwise,0,8,,,,,multi:softprob,mlogloss,False,True,1245006459,False,False,False,2,"(912, 19)",,RANDOM,,1e-05,0
7,42,8,3,8,0.6184412775313937,0.6184412775313937,0.026781921885027378,"[['6_G', 1.0], ['5_F', 0.4789998233318329], ['7_H', 0.4106364846229553]]","[['G', 0.30883575600853563], ['F', 0.1479322725666416], ['H', 0.12681922917321783]]",20.45016622543335,249,"[['perturb_xgb', 'perturb_xgb'], ['prune_by_features', 'prune_by_features_2'], ['prune_by_features', 'prune_by_features_1']]",72,100,8,25,100,7,7,XGBOOSTGBM,NoneType,gbtree,XGBoostGBMModel,1,0,2,3,3,"[1, 2, 3]",LOGLOSS,1245006459,,,,,,600,0.05,30,0.0,5.0,0.0,64,1.0,0.0,1,1.0,0.5,gpu_hist,depthwise,0,3,,,,,multi:softprob,mlogloss,False,True,1245006459,False,False,False,2,"(912, 19)",,RANDOM,,1e-05,0
0,43,8,3,8,0.6856131750715756,0.6856131750715756,0.027474583120944186,"[['6_G', 1.0]]","[['G', 1.0], ['R', 0.0], ['Q', 0.0]]",16.44976282119751,121,"[['add', 'add'], ['prune', 'prune_3'], ['prune', 'prune_1']]",72,100,2,31,100,1,1,XGBOOSTGBM,NoneType,gbtree,XGBoostGBMModel,1,0,2,3,3,"[1, 2, 3]",LOGLOSS,1245006459,,,,,,600,0.05,30,0.0,5.0,0.01,64,1.0,0.0,1,1.0,0.5,gpu_hist,depthwise,0,3,,,,,multi:softprob,mlogloss,False,True,1245006459,False,False,False,2,"(912, 19)",,RANDOM,,1e-05,0
1,43,8,3,8,0.6160521315425483,0.6160521315425483,0.026725653854485082,"[['6_G', 1.0], ['5_F', 0.5251743197441101], ['7_H', 0.4683586061000824]]","[['G', 0.3167205593133401], ['F', 0.16633350428635746], ['H', 0.14833879968323443]]",18.373671531677246,253,"[['add_best', 'add_best'], ['prune', 'prune_2'], ['prune', 'prune_1']]",72,100,6,24,100,6,6,XGBOOSTGBM,NoneType,gbtree,XGBoostGBMModel,1,0,2,3,3,"[1, 2, 3]",LOGLOSS,1245006459,,,,,,600,0.05,30,0.0,5.0,0.001,64,1.0,0.0,1,1.0,0.5,gpu_hist,depthwise,0,3,,,,,multi:softprob,mlogloss,False,True,1245006459,False,False,False,2,"(912, 19)",,RANDOM,,1e-05,0
3,43,8,3,8,0.618212451178055,0.618212451178055,0.027232503295198343,"[['6_G', 1.0], ['5_F', 0.47047650814056396], ['7_H', 0.3894675374031067]]","[['G', 0.31300531729990133], ['F', 0.14726164871268682], ['H', 0.1219054101228706]]",23.73282480239868,252,"[['prune_by_features', 'prune_by_features_1'], ['perturb_xgb', 'perturb_xgb'], ['prune_by_features', 'prune_by_features_1']]",72,100,8,26,100,7,7,XGBOOSTGBM,NoneType,gbtree,XGBoostGBMModel,1,0,2,3,3,"[1, 2, 3]",LOGLOSS,1245006459,,,,,,600,0.05,30,0.0,10.0,0.0,64,1.0,0.0,1,1.0,0.5,gpu_hist,depthwise,0,3,,,,,multi:softprob,mlogloss,False,True,1245006459,False,False,False,2,"(912, 19)",,RANDOM,,1e-05,0
3,44,8,3,8,0.6433578564955658,0.6433578564955658,0.02785579394250394,"[['6_G', 1.0], ['86_I', 0.7976618409156799], ['5_F', 0.7035741806030273]]","[['G', 0.23119554961531524], ['I', 0.18441586771766477], ['F', 0.16266321937966197]]",19.011446952819824,106,"[['perturb_xgb', 'perturb_xgb'], ['prune_by_features', 'prune_by_features_3'], ['perturb_xgb', 'perturb_xgb']]",72,100,7,26,100,6,6,XGBOOSTGBM,NoneType,gbtree,XGBoostGBMModel,1,0,2,3,3,"[1, 2, 3]",LOGLOSS,1245006459,,,,,,600,0.05,30,0.0,1.0,0.0,128,1.0,0.0,1,1.0,0.45,gpu_hist,lossguide,16,0,,,,,multi:softprob,mlogloss,False,True,1245006459,False,False,False,2,"(912, 19)",,RANDOM,,1e-05,0
4,44,8,3,8,0.6262826164751779,0.6262826164751779,0.026467859139241923,"[['6_G', 1.0], ['5_F', 0.919338583946228], ['7_H', 0.8142606019973755]]","[['G', 0.1817308601154436], ['F', 0.16707219159786196], ['H', 0.14797627955910195]]",37.59873008728027,376,"[['prune', 'prune_2'], ['add_best', 'add_best'], ['perturb_xgb', 'perturb_xgb']]",72,100,7,28,100,7,7,XGBOOSTGBM,NoneType,gbtree,XGBoostGBMModel,1,0,2,3,3,"[1, 2, 3]",LOGLOSS,1245006459,,,,,,600,0.05,30,5.0,0.0,0.0,128,1.0,0.0,1,0.5,0.5,gpu_hist,depthwise,0,6,,,,,multi:softprob,mlogloss,False,True,1245006459,False,False,False,2,"(912, 19)",,RANDOM,,1e-05,0
5,44,8,3,8,0.6466816285677309,0.6466816285677309,0.02844706327376092,"[['6_G', 1.0], ['86_I', 0.7753905653953552], ['5_F', 0.7388375997543335]]","[['G', 0.2571109802491595], ['I', 0.1993614283447498], ['F', 0.18996325951777285]]",23.23413610458374,70,"[['prune', 'prune_1'], ['prune', 'prune_1'], ['perturb_xgb', 'perturb_xgb']]",72,100,5,25,100,5,5,XGBOOSTGBM,NoneType,gbtree,XGBoostGBMModel,1,0,2,3,3,"[1, 2, 3]",LOGLOSS,1245006459,,,,,,600,0.05,30,0.0,1.0,0.001,256,1.0,0.0,1,0.8,0.8,gpu_hist,lossguide,256,0,,,,,multi:softprob,mlogloss,False,True,1245006459,False,False,False,2,"(912, 19)",,RANDOM,,1e-05,0
0,45,8,3,8,0.6189203922947983,0.6189203922947983,0.027217961940174083,"[['6_G', 1.0], ['7_H', 0.6056880354881287], ['5_F', 0.5785320997238159]]","[['G', 0.28237639678117604], ['H', 0.17103200503460686], ['F', 0.16336380974225917]]",24.562824487686157,293,"[['prune', 'prune_1'], ['prune', 'prune_1'], ['add_best', 'add_best']]",72,100,7,28,100,7,7,XGBOOSTGBM,NoneType,gbtree,XGBoostGBMModel,1,0,2,3,3,"[1, 2, 3]",LOGLOSS,1245006459,,,,,,600,0.05,30,0.0,10.0,0.0,64,1.0,0.0,1,1.0,0.5,gpu_hist,depthwise,0,3,,,,,multi:softprob,mlogloss,False,True,1245006459,False,False,False,2,"(912, 19)",,RANDOM,,1e-05,0
2,45,8,3,8,0.638297732035089,0.638297732035089,0.028031964776191052,"[['6_G', 1.0], ['86_I', 0.909316897392273], ['7_H', 0.8416070342063904]]","[['G', 0.227403925179501], ['I', 0.20678223169904844], ['H', 0.19138474303721176]]",17.987517595291138,110,"[['add_best', 'prune_1'], ['perturb_xgb', 'perturb_xgb'], ['prune', 'prune_1']]",72,100,6,27,100,5,5,XGBOOSTGBM,NoneType,gbtree,XGBoostGBMModel,1,0,2,3,3,"[1, 2, 3]",LOGLOSS,1245006459,,,,,,600,0.05,30,0.0,1.0,0.0,128,1.0,0.0,1,0.8,0.65,gpu_hist,depthwise,0,7,,,,,multi:softprob,mlogloss,False,True,1245006459,False,False,False,2,"(912, 19)",,RANDOM,,1e-05,0
5,45,8,3,8,0.7240488492638897,0.7240488492638897,0.02760306496206522,"[['6_G', 1.0]]","[['G', 1.0], ['R', 0.0], ['Q', 0.0]]",15.466093063354492,65,"[['perturb_xgb', 'perturb_xgb'], ['perturb_xgb', 'perturb_xgb'], ['perturb_xgb', 'perturb_xgb']]",72,100,1,29,100,1,1,XGBOOSTGBM,NoneType,gbtree,XGBoostGBMModel,1,0,2,3,3,"[1, 2, 3]",LOGLOSS,1245006459,,,,,,600,0.05,30,0.0,0.0,0.0,128,1.0,0.0,1,0.7,0.45,gpu_hist,depthwise,0,5,,,,,multi:softprob,mlogloss,False,True,1245006459,False,False,False,2,"(912, 19)",,RANDOM,,1e-05,0
1,46,8,3,8,0.6524787097485523,0.6524787097485523,0.028240929582277738,"[['6_G', 1.0], ['5_F', 0.7781652212142944], ['86_I', 0.7220233082771301]]","[['G', 0.19596529964924334], ['F', 0.15249338075187893], ['I', 0.1414915139602658]]",28.32527446746826,105,"[['add', 'add_best'], ['add', 'perturb_xgb'], ['add', 'prune_by_features_2']]",72,100,8,29,100,7,7,XGBOOSTGBM,NoneType,gbtree,XGBoostGBMModel,1,0,2,3,3,"[1, 2, 3]",LOGLOSS,1245006459,,,,,,600,0.05,30,0.5,0.0,0.01,128,1.0,0.0,1,0.7,0.5,gpu_hist,lossguide,64,0,,,,,multi:softprob,mlogloss,False,True,1245006459,False,False,False,2,"(912, 19)",,RANDOM,,1e-05,0
2,46,8,3,8,0.6293095496696046,0.6293095496696046,0.02703888475941919,"[['6_G', 1.0], ['7_H', 0.5790039896965027], ['86_I', 0.42304253578186035]]","[['G', 0.2678755682033958], ['H', 0.15510102273198378], ['I', 0.11332275964677124]]",16.941437005996704,118,"[['prune', 'prune_1'], ['perturb_xgb', 'perturb_xgb'], ['prune_by_features', 'prune_by_features_1']]",72,100,9,24,100,8,8,XGBOOSTGBM,NoneType,gbtree,XGBoostGBMModel,1,0,2,3,3,"[1, 2, 3]",LOGLOSS,1245006459,,,,,,600,0.05,30,0.0,0.1,0.0,128,1.0,0.0,1,1.0,0.5,gpu_hist,depthwise,0,3,,,,,multi:softprob,mlogloss,False,True,1245006459,False,False,False,2,"(912, 19)",,RANDOM,,1e-05,0
4,46,8,3,8,0.6813992981135244,0.6813992981135244,0.027007450504466426,"[['6_G', 1.0]]","[['G', 1.0], ['R', 0.0], ['Q', 0.0]]",16.074159383773804,112,"[['perturb_xgb', 'perturb_xgb'], ['perturb_xgb', 'perturb_xgb'], ['prune', 'prune_3']]",72,100,1,29,100,1,1,XGBOOSTGBM,NoneType,gbtree,XGBoostGBMModel,1,0,2,3,3,"[1, 2, 3]",LOGLOSS,1245006459,,,,,,600,0.05,30,0.0,5.0,0.0,64,1.0,0.0,1,0.5,0.5,gpu_hist,depthwise,0,3,,,,,multi:softprob,mlogloss,False,True,1245006459,False,False,False,2,"(912, 19)",,RANDOM,,1e-05,0
0,47,8,3,8,0.7389257775471434,0.7389257775471434,0.027676547756594883,"[['6_G', 1.0], ['13_N', 0.7298385500907898], ['89_P', 0.6631829142570496]]","[['G', 0.33231883998547773], ['N', 0.24253910034285425], ['P', 0.22038817676409125]]",21.353495597839355,70,"[['add_best', 'add_best'], ['prune', 'prune_3'], ['perturb_xgb', 'perturb_xgb']]",72,100,5,28,100,4,4,XGBOOSTGBM,NoneType,gbtree,XGBoostGBMModel,1,0,2,3,3,"[1, 2, 3]",LOGLOSS,1245006459,,,,,,600,0.05,30,0.0,0.1,0.0,256,1.0,0.0,1,1.0,0.3,gpu_hist,lossguide,32,0,,,,,multi:softprob,mlogloss,False,True,1245006459,False,False,False,2,"(912, 19)",,RANDOM,,1e-05,0
2,47,8,3,8,0.6601742755807486,0.6601742755807486,0.0279646152173153,"[['9_J', 1.0], ['6_G', 0.9914305806159973], ['5_F', 0.9638633131980896]]","[['J', 0.2174116202753624], ['G', 0.21554852892226728], ['F', 0.20955508464637573]]",20.591646909713745,106,"[['add', 'perturb_xgb'], ['add', 'prune_by_features_2'], ['add_best', 'perturb_xgb']]",72,100,6,31,100,5,5,XGBOOSTGBM,NoneType,gbtree,XGBoostGBMModel,1,0,2,3,3,"[1, 2, 3]",LOGLOSS,1245006459,,,,,,600,0.05,30,0.0,1.0,0.01,64,1.0,0.0,1,0.4,0.55,gpu_hist,lossguide,256,0,,,,,multi:softprob,mlogloss,False,True,1245006459,False,False,False,2,"(912, 19)",,RANDOM,,1e-05,0
4,47,8,3,8,0.6413167914099088,0.6413167914099088,0.026853933980137322,"[['6_G', 1.0], ['4_E', 0.4418286681175232], ['86_I', 0.4041816294193268]]","[['G', 0.42044004735747453], ['E', 0.18576246614722136], ['I', 0.16993414341408297]]",18.451565980911255,276,"[['perturb_xgb', 'perturb_xgb'], ['add', 'add'], ['perturb_xgb', 'perturb_xgb']]",72,100,6,27,100,5,5,XGBOOSTGBM,NoneType,gbtree,XGBoostGBMModel,1,0,2,3,3,"[1, 2, 3]",LOGLOSS,1245006459,,,,,,600,0.05,30,0.0,5.0,0.01,64,1.0,0.0,1,1.0,0.4,gpu_hist,depthwise,0,3,,,,,multi:softprob,mlogloss,False,True,1245006459,False,False,False,2,"(912, 19)",,RANDOM,,1e-05,0
1,48,8,3,8,0.7530494084883471,0.7530494084883471,0.027285343823915526,"[['90_InvalidFeat_InteractionsTransformer', 1.0]]","[['R', 0.0], ['Q', 0.0], ['P', 0.0]]",15.406379699707031,235,"[['perturb_xgb', 'perturb_xgb'], ['add_best', 'perturb_xgb'], ['add_best', 'prune_4']]",72,100,1,34,100,1,1,XGBOOSTGBM,NoneType,gbtree,XGBoostGBMModel,1,0,2,3,3,"[1, 2, 3]",LOGLOSS,1245006459,,,,,,600,0.05,30,0.0,0.1,0.1,64,1.0,0.0,1,1.0,0.4,gpu_hist,depthwise,0,9,,,,,multi:softprob,mlogloss,False,True,1245006459,False,False,False,2,"(912, 19)",,RANDOM,,1e-05,0
2,48,8,3,8,0.6616094626217255,0.6616094626217255,0.025980929620977138,"[['6_G', 1.0], ['5_F', 0.8255301117897034], ['96_P', 0.589478075504303]]","[['G', 0.4140772711501614], ['F', 0.34183325594216807], ['P', 0.24408947290767058]]",22.24482035636902,118,"[['prune', 'prune_3'], ['prune', 'prune_2'], ['perturb_xgb', 'perturb_xgb']]",72,100,4,33,100,3,3,XGBOOSTGBM,NoneType,gbtree,XGBoostGBMModel,1,0,2,3,3,"[1, 2, 3]",LOGLOSS,1245006459,,,,,,600,0.05,30,0.0,10.0,0.01,64,1.0,0.0,1,0.7,0.8,gpu_hist,lossguide,1024,0,,,,,multi:softprob,mlogloss,False,True,1245006459,False,False,False,2,"(912, 19)",,RANDOM,,1e-05,0
3,48,8,3,8,0.6195185283841292,0.6195185283841292,0.02756505107877085,"[['6_G', 1.0], ['5_F', 0.4350414574146271], ['86_I', 0.4324951171875]]","[['G', 0.3476447724750775], ['F', 0.15123988848013417], ['I', 0.15035466661123043]]",17.57601571083069,139,"[['prune_by_features', 'prune_by_features_3'], ['prune_by_features', 'prune_by_features_3'], ['perturb_xgb', 'perturb_xgb']]",72,100,7,25,100,6,6,XGBOOSTGBM,NoneType,gbtree,XGBoostGBMModel,1,0,2,3,3,"[1, 2, 3]",LOGLOSS,1245006459,,,,,,600,0.05,30,0.0,5.0,0.001,128,1.0,0.0,1,0.8,0.9,gpu_hist,lossguide,8,0,,,,,multi:softprob,mlogloss,False,True,1245006459,False,False,False,2,"(912, 19)",,RANDOM,,1e-05,0
0,49,8,3,8,0.7020963253433454,0.7020963253433454,0.026677634816416627,"[['94_H', 1.0]]","[['H', 1.0], ['R', 0.0], ['Q', 0.0]]",16.12193250656128,114,"[['add_best', 'prune_2'], ['prune_by_features', 'prune_6'], ['add', 'add']]",72,100,2,34,100,1,1,XGBOOSTGBM,NoneType,gbtree,XGBoostGBMModel,1,0,2,3,3,"[1, 2, 3]",LOGLOSS,1245006459,,,,,,600,0.05,30,0.0,10.0,0.0,128,1.0,0.0,1,0.8,0.9,gpu_hist,depthwise,0,3,,,,,multi:softprob,mlogloss,False,True,1245006459,False,False,False,2,"(912, 19)",,RANDOM,,1e-05,0
2,49,8,3,8,0.7212080115734147,0.7212080115734147,0.02642722302149943,"[['90_E', 1.0]]","[['E', 1.0], ['R', 0.0], ['Q', 0.0]]",16.28749179840088,108,"[['add', 'prune_by_features_2'], ['add', 'prune_3'], ['prune_by_features', 'prune_4']]",72,100,1,33,100,1,1,XGBOOSTGBM,NoneType,gbtree,XGBoostGBMModel,1,0,2,3,3,"[1, 2, 3]",LOGLOSS,1245006459,,,,,,600,0.05,30,0.0,5.0,0.001,128,1.0,0.0,1,0.8,0.3,gpu_hist,lossguide,8,0,,,,,multi:softprob,mlogloss,False,True,1245006459,False,False,False,2,"(912, 19)",,RANDOM,,1e-05,0
4,49,8,3,8,0.6839733189827698,0.6839733189827698,0.027394179232990132,"[['6_G', 1.0], ['5_F', 0.8959454298019409], ['87_E', 0.6891390681266785]]","[['G', 0.3868345505925557], ['F', 0.346582647692888], ['E', 0.2665828017145563]]",14.578280448913574,90,"[['perturb_xgb', 'perturb_xgb'], ['add_best', 'add_best'], ['prune_by_features', 'prune_by_features_2']]",72,100,3,28,100,3,3,XGBOOSTGBM,NoneType,gbtree,XGBoostGBMModel,1,0,2,3,3,"[1, 2, 3]",LOGLOSS,1245006459,,,,,,600,0.05,30,0.0,1.0,0.0,64,1.0,0.0,1,0.5,0.8,gpu_hist,depthwise,0,5,,,,,multi:softprob,mlogloss,False,True,1245006459,False,False,False,2,"(912, 19)",,RANDOM,,1e-05,0
0,50,8,3,8,0.6745005699692405,0.6745005699692405,0.02789243817238094,"[['6_G', 1.0], ['5_F', 0.767572283744812], ['13_N', 0.5926915407180786]]","[['G', 0.2930879869485374], ['F', 0.2249662154802585], ['N', 0.17371077055048875]]",17.656745433807373,164,"[['add', 'prune_1'], ['add', 'perturb_xgb'], ['add', 'prune_by_features_2']]",72,100,6,26,100,5,5,XGBOOSTGBM,NoneType,gbtree,XGBoostGBMModel,1,0,2,3,3,"[1, 2, 3]",LOGLOSS,1245006459,,,,,,600,0.05,30,0.0,0.1,0.0,64,1.0,0.0,1,0.7,0.3,gpu_hist,depthwise,0,4,,,,,multi:softprob,mlogloss,False,True,1245006459,False,False,False,2,"(912, 19)",,RANDOM,,1e-05,0
1,50,8,3,8,0.669027164148413,0.669027164148413,0.0269907179500608,"[['6_G', 1.0], ['5_F', 0.701718270778656], ['87_E', 0.6160896420478821]]","[['G', 0.43144213740322956], ['F', 0.3027508305996416], ['E', 0.26580703199712885]]",31.343963384628296,493,"[['perturb_xgb', 'perturb_xgb'], ['add', 'perturb_xgb'], ['perturb_xgb', 'perturb_xgb']]",72,100,4,29,100,3,3,XGBOOSTGBM,NoneType,gbtree,XGBoostGBMModel,1,0,2,3,3,"[1, 2, 3]",LOGLOSS,1245006459,,,,,,600,0.05,30,5.0,0.5,0.001,64,1.0,0.0,1,0.6,0.45,gpu_hist,lossguide,64,0,,,,,multi:softprob,mlogloss,False,True,1245006459,False,False,False,2,"(912, 19)",,RANDOM,,1e-05,0
4,50,8,3,8,0.6599407709561073,0.6599407709561073,0.026996785598247194,"[['6_G', 1.0], ['7_H', 0.4805125594139099], ['5_F', 0.46369433403015137]]","[['G', 0.4587677535649596], ['H', 0.2204436674420686], ['F', 0.21272800796381253]]",22.377182006835938,251,"[['prune', 'prune_1'], ['prune_by_features', 'prune_by_features_3'], ['add', 'add']]",72,100,5,31,100,4,4,XGBOOSTGBM,NoneType,gbtree,XGBoostGBMModel,1,0,2,3,3,"[1, 2, 3]",LOGLOSS,1245006459,,,,,,600,0.05,30,0.0,10.0,0.0,64,1.0,0.0,1,1.0,0.5,gpu_hist,depthwise,0,3,,,,,multi:softprob,mlogloss,False,True,1245006459,False,False,False,2,"(912, 19)",,RANDOM,,1e-05,0
0,51,8,3,8,0.7352147921792025,0.7352147921792025,0.02681858848898583,"[['7_H', 1.0], ['5_F', 0.925755500793457], ['6_G', 0.8365129828453064]]","[['H', 0.29615106365882593], ['F', 0.27416347624799137], ['G', 0.2477342096340547]]",29.571820974349976,71,"[['add_best', 'add_best'], ['prune', 'prune_1'], ['prune_by_features', 'prune_by_features_1']]",72,100,5,31,100,4,4,XGBOOSTGBM,NoneType,gbtree,XGBoostGBMModel,1,0,2,3,3,"[1, 2, 3]",LOGLOSS,1245006459,,,,,,600,0.05,30,0.5,0.0,0.001,128,1.0,0.0,1,0.9,0.35,gpu_hist,lossguide,256,0,,,,,multi:softprob,mlogloss,False,True,1245006459,False,False,False,2,"(912, 19)",,RANDOM,,1e-05,0
2,51,8,3,8,0.6647636908424294,0.6647636908424294,0.02767970940423294,"[['6_G', 1.0], ['7_H', 0.6961216330528259], ['5_F', 0.517914354801178]]","[['G', 0.33494903852027064], ['H', 0.23316527168420467], ['F', 0.17347491517650088]]",17.151538848876953,197,"[['add_best', 'add_best'], ['add_best', 'add_best'], ['add', 'perturb_xgb']]",72,100,6,33,100,5,5,XGBOOSTGBM,NoneType,gbtree,XGBoostGBMModel,1,0,2,3,3,"[1, 2, 3]",LOGLOSS,1245006459,,,,,,600,0.05,30,0.0,10.0,0.0,256,1.0,0.0,1,0.5,0.5,gpu_hist,depthwise,0,3,,,,,multi:softprob,mlogloss,False,True,1245006459,False,False,False,2,"(912, 19)",,RANDOM,,1e-05,0
4,51,8,3,8,0.6644790131981397,0.6644790131981397,0.028567845222137404,"[['6_G', 1.0], ['86_I', 0.9417276978492737], ['7_H', 0.7428150177001953]]","[['G', 0.2116077909865121], ['I', 0.19927691785269833], ['H', 0.1571854450071452]]",20.9913489818573,80,"[['perturb_xgb', 'perturb_xgb'], ['add_best', 'add_best'], ['perturb_xgb', 'perturb_xgb']]",72,100,7,25,100,6,6,XGBOOSTGBM,NoneType,gbtree,XGBoostGBMModel,1,0,2,3,3,"[1, 2, 3]",LOGLOSS,1245006459,,,,,,600,0.05,30,0.0,0.1,0.0,256,1.0,0.0,1,1.0,0.45,gpu_hist,depthwise,0,7,,,,,multi:softprob,mlogloss,False,True,1245006459,False,False,False,2,"(912, 19)",,RANDOM,,1e-05,0
0,52,8,3,8,0.6329967524807617,0.6329967524807617,0.02656219171371316,"[['6_G', 1.0], ['98_J', 0.50693279504776], ['7_H', 0.4836984872817993]]","[['G', 0.4119722146649391], ['J', 0.20884222626211338], ['H', 0.19927033703556377]]",25.30986261367798,251,"[['prune_by_features', 'prune_by_features_2'], ['add_best', 'add_best'], ['perturb_xgb', 'perturb_xgb']]",72,100,4,33,100,4,4,XGBOOSTGBM,NoneType,gbtree,XGBoostGBMModel,1,0,2,3,3,"[1, 2, 3]",LOGLOSS,1245006459,,,,,,600,0.05,30,0.0,10.0,0.0,64,1.0,0.0,1,1.0,0.5,gpu_hist,depthwise,0,3,,,,,multi:softprob,mlogloss,False,True,1245006459,False,False,False,2,"(912, 19)",,RANDOM,,1e-05,0
1,52,8,3,8,0.6421451793525008,0.6421451793525008,0.02827579147581347,"[['6_G', 1.0], ['90_J', 0.9254602789878845], ['7_H', 0.8859436511993408]]","[['G', 0.1853737927613974], ['J', 0.17155608196600514], ['H', 0.16423073479570235]]",25.24108338356018,134,"[['prune_by_features', 'prune_by_features_2'], ['add_best', 'perturb_xgb'], ['add_best', 'prune_by_features_3']]",72,100,8,26,100,7,7,XGBOOSTGBM,NoneType,gbtree,XGBoostGBMModel,1,0,2,3,3,"[1, 2, 3]",LOGLOSS,1245006459,,,,,,600,0.05,30,0.0,2.0,0.0,64,1.0,0.0,1,0.5,0.3,gpu_hist,depthwise,0,10,,,,,multi:softprob,mlogloss,False,True,1245006459,False,False,False,2,"(912, 19)",,RANDOM,,1e-05,0
3,52,8,3,8,0.6279285814986888,0.6279285814986888,0.028492471024112554,"[['6_G', 1.0], ['89_J', 0.442241907119751], ['5_F', 0.3522150218486786]]","[['G', 0.4080833764632448], ['J', 0.18047157067097266], ['F', 0.14373309535708428]]",13.360949039459229,136,"[['add', 'perturb_xgb'], ['add', 'perturb_xgb'], ['add', 'perturb_xgb']]",72,100,6,26,100,5,5,XGBOOSTGBM,NoneType,gbtree,XGBoostGBMModel,1,0,2,3,3,"[1, 2, 3]",LOGLOSS,1245006459,,,,,,600,0.05,30,0.0,0.1,0.001,256,1.0,0.0,1,1.0,0.9,gpu_hist,depthwise,0,3,,,,,multi:softprob,mlogloss,False,True,1245006459,False,False,False,2,"(912, 19)",,RANDOM,,1e-05,0
0,53,8,3,8,0.6844398602249104,0.6844398602249104,0.029128009320277638,"[['6_G', 1.0], ['89_J', 0.37173569202423096]]","[['G', 0.7290034121109211], ['J', 0.2709965878890789], ['R', 0.0]]",18.826605319976807,185,"[['prune', 'prune_3'], ['prune_by_features', 'prune_by_features_2'], ['perturb_xgb', 'perturb_xgb']]",72,100,3,31,100,2,2,XGBOOSTGBM,NoneType,gbtree,XGBoostGBMModel,1,0,2,3,3,"[1, 2, 3]",LOGLOSS,1245006459,,,,,,600,0.05,30,0.0,0.5,0.001,256,1.0,0.0,1,1.0,0.9,gpu_hist,depthwise,0,3,,,,,multi:softprob,mlogloss,False,True,1245006459,False,False,False,2,"(912, 19)",,RANDOM,,1e-05,0
2,53,8,3,8,0.6406666995440545,0.6406666995440545,0.027433548931470646,"[['6_G', 1.0], ['5_F', 0.8119567036628723], ['7_H', 0.8085005283355713]]","[['G', 0.25734119700968994], ['F', 0.20894991004064564], ['H', 0.20806049374484265]]",26.26530146598816,158,"[['add', 'perturb_xgb'], ['add_best', 'perturb_xgb'], ['perturb_xgb', 'perturb_xgb']]",72,100,6,34,100,5,5,XGBOOSTGBM,NoneType,gbtree,XGBoostGBMModel,1,0,2,3,3,"[1, 2, 3]",LOGLOSS,1245006459,,,,,,600,0.05,30,0.0,10.0,0.0,64,1.0,0.0,1,0.9,0.55,gpu_hist,depthwise,0,9,,,,,multi:softprob,mlogloss,False,True,1245006459,False,False,False,2,"(912, 19)",,RANDOM,,1e-05,0
4,53,8,3,8,0.6411915751486874,0.6411915751486874,0.026958443996734523,"[['6_G', 1.0], ['7_H', 0.5879235863685608], ['87_N', 0.4845960736274719]]","[['G', 0.3924779299216133], ['H', 0.23074703213002354], ['N', 0.19019326382545187]]",18.64467215538025,145,"[['add_best', 'add_best'], ['perturb_xgb', 'perturb_xgb'], ['prune_by_features', 'prune_by_features_2']]",72,100,4,27,100,4,4,XGBOOSTGBM,NoneType,gbtree,XGBoostGBMModel,1,0,2,3,3,"[1, 2, 3]",LOGLOSS,1245006459,,,,,,600,0.05,30,0.0,1.0,0.0,64,1.0,0.0,1,1.0,0.5,gpu_hist,depthwise,0,3,,,,,multi:softprob,mlogloss,False,True,1245006459,False,False,False,2,"(912, 19)",,RANDOM,,1e-05,0
